GROUP,LOCA
HEADING,LOCA_ID,LOCA_LAT,LOCA_LON,LOCA_TYPE,LOCA_GL,LOCA_FDEP,LOCA_STAR,LOCA_ENDD,LOCA_REM
UNIT,,deg,deg,,m,m,yyyy-mm-dd,yyyy-mm-dd,
TYPE,ID,5DP,5DP,PA,2DP,2DP,DT,DT,X
DATA,CPT_26011,-43.47858625,172.7107025,SCPG,4.62,20,17/04/2013,17/04/2013,
" "
GROUP,SCPG
HEADING,LOCA_ID,SCPG_CSA,SCPG_RATE,SCPG_WAT,SCPG_CREW,SCPG_METH,SCPG_REM
UNIT,,cm2,cm/s,m,,,
TYPE,ID,0DP,2DP,2DP,X,X,X
DATA,CPT_26011,10,2,0.9,,,
" "
" "
GROUP,SCPT
HEADING,LOCA_ID,SCPT_DPTH,SCPT_RES,SCPT_FRES,SCPT_PWP2,SCPT_REM
UNIT,,m,MPa,MPa,MPa,
TYPE,ID,3DP,4DP,4DP,4DP,X
DATA,CPT_26011,0.01,0,0,0,
DATA,CPT_26011,0.02,0,0,0,
DATA,CPT_26011,0.03,0,0,0,
DATA,CPT_26011,0.04,0,0,0,
DATA,CPT_26011,0.05,0.02,0,0.001,
DATA,CPT_26011,0.06,0.07,0.0006,0.0126,
DATA,CPT_26011,0.07,0.55,0.0022,0.0197,
DATA,CPT_26011,0.08,0.86,0.0026,0.0209,
DATA,CPT_26011,0.09,1.12,0.0028,0.0059,
DATA,CPT_26011,0.1,1.36,0.0036,0.0059,
DATA,CPT_26011,0.11,1.58,0.0045,0.0055,
DATA,CPT_26011,0.12,1.87,0.0059,0.0042,
DATA,CPT_26011,0.13,2.15,0.0076,0.0058,
DATA,CPT_26011,0.14,2.5,0.0098,0.0048,
DATA,CPT_26011,0.15,2.82,0.0115,0.0082,
DATA,CPT_26011,0.16,3.29,0.0141,0.0093,
DATA,CPT_26011,0.17,3.47,0.0153,0.0096,
DATA,CPT_26011,0.18,3.66,0.0168,0.0099,
DATA,CPT_26011,0.19,3.77,0.0194,0.0099,
DATA,CPT_26011,0.2,3.92,0.0216,0.0102,
DATA,CPT_26011,0.21,4.2,0.0228,0.0104,
DATA,CPT_26011,0.22,4.96,0.024,0.0112,
DATA,CPT_26011,0.23,5.37,0.0246,0.0113,
DATA,CPT_26011,0.24,5.78,0.0255,0.0113,
DATA,CPT_26011,0.25,6.2,0.0264,0.0123,
DATA,CPT_26011,0.26,6.62,0.0269,0.0125,
DATA,CPT_26011,0.27,6.96,0.0272,0.0119,
DATA,CPT_26011,0.28,7.2,0.0277,0.0117,
DATA,CPT_26011,0.29,7.43,0.0293,0.0113,
DATA,CPT_26011,0.3,7.67,0.0313,0.0109,
DATA,CPT_26011,0.31,8.16,0.0354,0.0108,
DATA,CPT_26011,0.32,8.37,0.0372,0.0109,
DATA,CPT_26011,0.33,8.58,0.0394,0.011,
DATA,CPT_26011,0.34,8.81,0.0419,0.0109,
DATA,CPT_26011,0.35,9.04,0.0444,0.0109,
DATA,CPT_26011,0.36,9.25,0.0469,0.0111,
DATA,CPT_26011,0.37,9.44,0.0495,0.0109,
DATA,CPT_26011,0.38,9.79,0.0545,0.0114,
DATA,CPT_26011,0.39,9.96,0.0566,0.0112,
DATA,CPT_26011,0.4,10.15,0.0586,0.0112,
DATA,CPT_26011,0.41,10.34,0.0605,0.0113,
DATA,CPT_26011,0.42,10.55,0.0623,0.0114,
DATA,CPT_26011,0.43,10.79,0.0641,0.0116,
DATA,CPT_26011,0.44,11.06,0.0658,0.0123,
DATA,CPT_26011,0.45,11.69,0.0681,0.0129,
DATA,CPT_26011,0.46,12.01,0.0707,0.0113,
DATA,CPT_26011,0.47,11.69,0.0733,0.0108,
DATA,CPT_26011,0.48,11.51,0.0772,0.0096,
DATA,CPT_26011,0.49,11.65,0.08,0.011,
DATA,CPT_26011,0.5,12.43,0.0808,0.0135,
DATA,CPT_26011,0.51,12.9,0.0803,0.0145,
DATA,CPT_26011,0.52,13.42,0.0798,0.0143,
DATA,CPT_26011,0.53,13.87,0.0786,0.0163,
DATA,CPT_26011,0.54,13.92,0.079,0.0212,
DATA,CPT_26011,0.55,13.29,0.0792,0.0133,
DATA,CPT_26011,0.56,12.66,0.0929,0.0202,
DATA,CPT_26011,0.57,12.24,0.1033,0.0096,
DATA,CPT_26011,0.58,12.04,0.1027,0.0089,
DATA,CPT_26011,0.59,11.75,0.1062,0.0091,
DATA,CPT_26011,0.6,11.51,0.1121,0.0098,
DATA,CPT_26011,0.61,11.4,0.115,0.0096,
DATA,CPT_26011,0.62,11.33,0.1179,0.0093,
DATA,CPT_26011,0.63,11.26,0.1218,0.0092,
DATA,CPT_26011,0.64,11.27,0.1302,0.0095,
DATA,CPT_26011,0.65,11.37,0.1328,0.0098,
DATA,CPT_26011,0.66,11.54,0.1344,0.011,
DATA,CPT_26011,0.67,11.79,0.1353,0.0128,
DATA,CPT_26011,0.68,11.79,0.1362,0.011,
DATA,CPT_26011,0.69,11.52,0.1346,0.0113,
DATA,CPT_26011,0.7,11.14,0.1423,0.0111,
DATA,CPT_26011,0.71,11.1,0.1314,0.0105,
DATA,CPT_26011,0.72,11.06,0.1277,0.0102,
DATA,CPT_26011,0.73,10.98,0.1221,0.0099,
DATA,CPT_26011,0.74,10.89,0.1168,0.0094,
DATA,CPT_26011,0.75,10.77,0.114,0.0089,
DATA,CPT_26011,0.76,10.77,0.114,0.0089,
DATA,CPT_26011,0.77,10.518,0.1077,0.0087,
DATA,CPT_26011,0.78,10.265,0.1014,0.0085,
DATA,CPT_26011,0.79,10.013,0.0951,0.0084,
DATA,CPT_26011,0.8,9.76,0.0887,0.0082,
DATA,CPT_26011,0.81,9.65,0.0895,0.0078,
DATA,CPT_26011,0.82,9.33,0.0907,0.0069,
DATA,CPT_26011,0.83,9.33,0.0907,0.0069,
DATA,CPT_26011,0.84,8.91,0.0914,0.0065,
DATA,CPT_26011,0.85,8.68,0.0892,0.0062,
DATA,CPT_26011,0.86,8.46,0.0887,0.0058,
DATA,CPT_26011,0.87,8.24,0.0884,0.0054,
DATA,CPT_26011,0.88,8.06,0.088,0.0052,
DATA,CPT_26011,0.89,7.91,0.0871,0.0055,
DATA,CPT_26011,0.9,7.79,0.0857,0.0055,
DATA,CPT_26011,0.91,7.71,0.0842,0.0056,
DATA,CPT_26011,0.92,7.64,0.0829,0.0058,
DATA,CPT_26011,0.93,7.6,0.0818,0.0058,
DATA,CPT_26011,0.94,7.54,0.0807,0.0056,
DATA,CPT_26011,0.95,7.5,0.0794,0.0052,
DATA,CPT_26011,0.96,7.43,0.0781,0.0048,
DATA,CPT_26011,0.97,7.37,0.0768,0.0044,
DATA,CPT_26011,0.98,7.29,0.0755,0.0039,
DATA,CPT_26011,0.99,7.14,0.073,0.0034,
DATA,CPT_26011,1,7.06,0.0713,0.0036,
DATA,CPT_26011,1.01,6.88,0.0681,0.0046,
DATA,CPT_26011,1.02,6.8,0.067,0.0046,
DATA,CPT_26011,1.03,6.71,0.0659,0.0048,
DATA,CPT_26011,1.04,6.62,0.0651,0.0047,
DATA,CPT_26011,1.05,6.53,0.0646,0.0045,
DATA,CPT_26011,1.06,6.44,0.0639,0.0045,
DATA,CPT_26011,1.07,6.35,0.0634,0.0045,
DATA,CPT_26011,1.08,6.16,0.0627,0.0045,
DATA,CPT_26011,1.09,6.07,0.0622,0.0045,
DATA,CPT_26011,1.1,5.98,0.0615,0.0044,
DATA,CPT_26011,1.11,5.88,0.0608,0.0044,
DATA,CPT_26011,1.12,5.79,0.0599,0.0043,
DATA,CPT_26011,1.13,5.7,0.0591,0.0043,
DATA,CPT_26011,1.14,5.61,0.0581,0.0042,
DATA,CPT_26011,1.15,5.52,0.0573,0.0043,
DATA,CPT_26011,1.16,5.43,0.0565,0.0042,
DATA,CPT_26011,1.17,5.27,0.0549,0.0042,
DATA,CPT_26011,1.18,5.2,0.054,0.0042,
DATA,CPT_26011,1.19,5.14,0.0532,0.0044,
DATA,CPT_26011,1.2,5.08,0.0523,0.0046,
DATA,CPT_26011,1.21,5.03,0.0515,0.0049,
DATA,CPT_26011,1.22,4.99,0.0507,0.0051,
DATA,CPT_26011,1.23,4.97,0.0501,0.0051,
DATA,CPT_26011,1.24,4.96,0.0495,0.0051,
DATA,CPT_26011,1.25,4.95,0.049,0.0052,
DATA,CPT_26011,1.26,4.95,0.0483,0.0052,
DATA,CPT_26011,1.27,4.94,0.0475,0.0052,
DATA,CPT_26011,1.28,4.93,0.0472,0.0052,
DATA,CPT_26011,1.29,4.93,0.0471,0.0052,
DATA,CPT_26011,1.3,4.93,0.0469,0.0052,
DATA,CPT_26011,1.31,4.93,0.0467,0.0052,
DATA,CPT_26011,1.32,4.93,0.0464,0.0052,
DATA,CPT_26011,1.33,4.93,0.0461,0.0052,
DATA,CPT_26011,1.34,4.93,0.0458,0.0052,
DATA,CPT_26011,1.35,4.92,0.0455,0.0053,
DATA,CPT_26011,1.36,4.92,0.0454,0.0053,
DATA,CPT_26011,1.37,4.93,0.0452,0.0053,
DATA,CPT_26011,1.38,4.92,0.0452,0.0053,
DATA,CPT_26011,1.39,4.93,0.0451,0.0053,
DATA,CPT_26011,1.4,4.93,0.045,0.0053,
DATA,CPT_26011,1.41,4.93,0.0447,0.0053,
DATA,CPT_26011,1.42,4.92,0.0445,0.0053,
DATA,CPT_26011,1.43,4.92,0.0442,0.0053,
DATA,CPT_26011,1.44,4.92,0.0438,0.0054,
DATA,CPT_26011,1.45,4.93,0.0436,0.0053,
DATA,CPT_26011,1.46,4.93,0.0435,0.0054,
DATA,CPT_26011,1.47,4.93,0.0435,0.0054,
DATA,CPT_26011,1.48,4.94,0.0433,0.0054,
DATA,CPT_26011,1.49,4.94,0.0433,0.0054,
DATA,CPT_26011,1.5,4.94,0.0432,0.0054,
DATA,CPT_26011,1.51,4.94,0.043,0.0055,
DATA,CPT_26011,1.52,4.94,0.0429,0.0055,
DATA,CPT_26011,1.53,4.94,0.0428,0.0055,
DATA,CPT_26011,1.54,4.95,0.0427,0.0055,
DATA,CPT_26011,1.55,4.95,0.0426,0.0055,
DATA,CPT_26011,1.56,4.96,0.0425,0.0054,
DATA,CPT_26011,1.57,4.96,0.0425,0.0054,
DATA,CPT_26011,1.58,4.97,0.0424,0.0055,
DATA,CPT_26011,1.59,4.97,0.0423,0.0055,
DATA,CPT_26011,1.6,4.97,0.0422,0.0055,
DATA,CPT_26011,1.61,4.97,0.0421,0.0055,
DATA,CPT_26011,1.62,4.96,0.042,0.0055,
DATA,CPT_26011,1.63,4.95,0.0419,0.0055,
DATA,CPT_26011,1.64,4.94,0.0418,0.0055,
DATA,CPT_26011,1.65,4.91,0.0417,0.0056,
DATA,CPT_26011,1.66,4.9,0.0417,0.0056,
DATA,CPT_26011,1.67,4.88,0.0416,0.0057,
DATA,CPT_26011,1.68,4.86,0.0416,0.006,
DATA,CPT_26011,1.69,4.84,0.0416,0.0062,
DATA,CPT_26011,1.7,4.82,0.0416,0.0063,
DATA,CPT_26011,1.71,4.8,0.0419,0.0065,
DATA,CPT_26011,1.72,4.8,0.0421,0.0066,
DATA,CPT_26011,1.73,4.8,0.0423,0.0066,
DATA,CPT_26011,1.74,4.8,0.0426,0.0067,
DATA,CPT_26011,1.75,4.805,0.0422,0.0068,
DATA,CPT_26011,1.76,4.81,0.0418,0.0069,
DATA,CPT_26011,1.77,4.815,0.0414,0.007,
DATA,CPT_26011,1.78,4.82,0.041,0.0071,
DATA,CPT_26011,1.79,4.825,0.0406,0.0072,
DATA,CPT_26011,1.8,4.83,0.0402,0.0073,
DATA,CPT_26011,1.81,4.835,0.0398,0.0074,
DATA,CPT_26011,1.82,4.84,0.0394,0.0075,
DATA,CPT_26011,1.83,4.86,0.0401,0.0076,
DATA,CPT_26011,1.84,4.88,0.0408,0.0078,
DATA,CPT_26011,1.85,4.92,0.0418,0.008,
DATA,CPT_26011,1.86,4.94,0.0422,0.0082,
DATA,CPT_26011,1.87,4.96,0.0425,0.0083,
DATA,CPT_26011,1.88,4.98,0.0429,0.0085,
DATA,CPT_26011,1.89,5.01,0.0433,0.0086,
DATA,CPT_26011,1.9,5.04,0.0437,0.0088,
DATA,CPT_26011,1.91,5.08,0.0441,0.0089,
DATA,CPT_26011,1.92,5.16,0.045,0.0091,
DATA,CPT_26011,1.93,5.21,0.0456,0.0093,
DATA,CPT_26011,1.94,5.26,0.0461,0.0094,
DATA,CPT_26011,1.95,5.32,0.0467,0.0095,
DATA,CPT_26011,1.96,5.38,0.0472,0.0096,
DATA,CPT_26011,1.97,5.45,0.0476,0.0098,
DATA,CPT_26011,1.98,5.53,0.0482,0.0099,
DATA,CPT_26011,1.99,5.61,0.0485,0.01,
DATA,CPT_26011,10,13.16,0.113,0.0853,
DATA,CPT_26011,10.01,13.32,0.1133,0.0874,
DATA,CPT_26011,10.02,13.57,0.1114,0.085,
DATA,CPT_26011,10.03,13.68,0.1111,0.0871,
DATA,CPT_26011,10.04,13.74,0.1107,0.0869,
DATA,CPT_26011,10.05,13.82,0.1105,0.0851,
DATA,CPT_26011,10.06,13.84,0.1109,0.0873,
DATA,CPT_26011,10.07,13.87,0.111,0.0881,
DATA,CPT_26011,10.08,13.92,0.1106,0.0886,
DATA,CPT_26011,10.09,13.99,0.1104,0.0886,
DATA,CPT_26011,10.1,14.05,0.1108,0.0886,
DATA,CPT_26011,10.11,14.09,0.111,0.0887,
DATA,CPT_26011,10.12,14.16,0.1137,0.0889,
DATA,CPT_26011,10.13,14.21,0.1157,0.0891,
DATA,CPT_26011,10.14,14.27,0.1177,0.0894,
DATA,CPT_26011,10.15,14.36,0.1196,0.0895,
DATA,CPT_26011,10.16,14.49,0.1211,0.0895,
DATA,CPT_26011,10.17,14.66,0.1233,0.0897,
DATA,CPT_26011,10.18,14.86,0.1247,0.09,
DATA,CPT_26011,10.19,15.11,0.1249,0.0899,
DATA,CPT_26011,10.2,15.9,0.125,0.0897,
DATA,CPT_26011,10.21,16.12,0.1245,0.0898,
DATA,CPT_26011,10.22,16.25,0.1241,0.0897,
DATA,CPT_26011,10.23,16.36,0.1237,0.0884,
DATA,CPT_26011,10.24,16.52,0.1242,0.0892,
DATA,CPT_26011,10.25,16.73,0.1251,0.0887,
DATA,CPT_26011,10.26,16.96,0.1262,0.0891,
DATA,CPT_26011,10.27,17.21,0.127,0.0886,
DATA,CPT_26011,10.28,17.45,0.1276,0.0874,
DATA,CPT_26011,10.29,18,0.1269,0.0848,
DATA,CPT_26011,10.3,18.29,0.1266,0.0849,
DATA,CPT_26011,10.31,18.63,0.1269,0.0831,
DATA,CPT_26011,10.32,19,0.1275,0.0825,
DATA,CPT_26011,10.33,19.3,0.1296,0.0799,
DATA,CPT_26011,10.34,19.66,0.132,0.0769,
DATA,CPT_26011,10.35,19.91,0.1335,0.0745,
DATA,CPT_26011,10.36,20.12,0.1363,0.0708,
DATA,CPT_26011,10.37,20.33,0.1466,0.0647,
DATA,CPT_26011,10.38,20.51,0.1515,0.0609,
DATA,CPT_26011,10.39,20.73,0.1577,0.0575,
DATA,CPT_26011,10.4,20.9,0.1611,0.0527,
DATA,CPT_26011,10.41,21.13,0.1657,0.0465,
DATA,CPT_26011,10.42,21.37,0.171,0.0413,
DATA,CPT_26011,10.43,21.46,0.1736,0.0344,
DATA,CPT_26011,10.44,21.49,0.1743,0.0305,
DATA,CPT_26011,10.45,21.47,0.177,0.0274,
DATA,CPT_26011,10.46,21.38,0.1816,0.0235,
DATA,CPT_26011,10.47,21.25,0.183,0.0172,
DATA,CPT_26011,10.48,21.22,0.1822,0.0164,
DATA,CPT_26011,10.49,21.11,0.1829,0.0156,
DATA,CPT_26011,10.5,20.94,0.1835,0.0144,
DATA,CPT_26011,10.51,20.79,0.1838,0.0113,
DATA,CPT_26011,10.52,20.56,0.1824,0.0115,
DATA,CPT_26011,10.53,20.32,0.1817,0.0118,
DATA,CPT_26011,10.54,20,0.1814,0.0114,
DATA,CPT_26011,10.55,19.66,0.1825,0.0108,
DATA,CPT_26011,10.56,19.27,0.1832,0.0126,
DATA,CPT_26011,10.57,18.46,0.183,0.0119,
DATA,CPT_26011,10.58,17.91,0.1822,0.0108,
DATA,CPT_26011,10.59,17.38,0.183,0.0083,
DATA,CPT_26011,10.6,16.89,0.1835,0.0093,
DATA,CPT_26011,10.61,16.48,0.1842,0.0115,
DATA,CPT_26011,10.62,16.25,0.1847,0.0134,
DATA,CPT_26011,10.63,16.22,0.1846,0.014,
DATA,CPT_26011,10.64,16.12,0.1831,0.0165,
DATA,CPT_26011,10.65,16.13,0.1817,0.0185,
DATA,CPT_26011,10.66,16.18,0.1801,0.0206,
DATA,CPT_26011,10.67,16.33,0.1789,0.0261,
DATA,CPT_26011,10.68,16.46,0.1778,0.0282,
DATA,CPT_26011,10.69,16.58,0.1769,0.0302,
DATA,CPT_26011,10.7,16.59,0.1752,0.0322,
DATA,CPT_26011,10.71,16.67,0.174,0.0325,
DATA,CPT_26011,10.72,16.8,0.1709,0.0316,
DATA,CPT_26011,10.73,17.04,0.1664,0.0294,
DATA,CPT_26011,10.74,17.26,0.1615,0.0252,
DATA,CPT_26011,10.75,17.43,0.1588,0.0198,
DATA,CPT_26011,10.76,17.86,0.1508,0.0096,
DATA,CPT_26011,10.77,17.86,0.1508,0.0096,
DATA,CPT_26011,10.78,17.86,0.1508,0.0096,
DATA,CPT_26011,10.79,17.79,0.1096,0.0276,
DATA,CPT_26011,10.8,17.9,0.1101,0.0171,
DATA,CPT_26011,10.81,18.01,0.1108,0.0093,
DATA,CPT_26011,10.82,18.02,0.1122,0.0034,
DATA,CPT_26011,10.83,18.02,0.1134,0.0001,
DATA,CPT_26011,10.84,18.03,0.1146,-0.003,
DATA,CPT_26011,10.85,18.08,0.1144,-0.0052,
DATA,CPT_26011,10.86,18.11,0.1139,-0.0067,
DATA,CPT_26011,10.87,18.14,0.1147,-0.0072,
DATA,CPT_26011,10.88,18.22,0.1147,-0.0078,
DATA,CPT_26011,10.89,18.3,0.114,-0.0082,
DATA,CPT_26011,10.9,18.31,0.1141,-0.0066,
DATA,CPT_26011,10.91,18.34,0.1144,-0.0056,
DATA,CPT_26011,10.92,18.39,0.1124,-0.0044,
DATA,CPT_26011,10.93,18.46,0.1128,-0.0025,
DATA,CPT_26011,10.94,18.57,0.1136,-0.0005,
DATA,CPT_26011,10.95,18.78,0.1145,0.0022,
DATA,CPT_26011,10.96,19.01,0.115,0.0045,
DATA,CPT_26011,10.97,19.23,0.1141,0.0068,
DATA,CPT_26011,10.98,19.66,0.1133,0.0115,
DATA,CPT_26011,10.99,19.78,0.1134,0.0139,
DATA,CPT_26011,11,19.91,0.1141,0.0164,
DATA,CPT_26011,11.01,19.97,0.1148,0.0185,
DATA,CPT_26011,11.02,20.05,0.1156,0.0201,
DATA,CPT_26011,11.03,19.92,0.117,0.022,
DATA,CPT_26011,11.04,19.89,0.1188,0.0228,
DATA,CPT_26011,11.05,19.7,0.1208,0.0238,
DATA,CPT_26011,11.06,19.4,0.1271,0.0271,
DATA,CPT_26011,11.07,19.3,0.131,0.0278,
DATA,CPT_26011,11.08,19.24,0.1334,0.0281,
DATA,CPT_26011,11.09,19.16,0.1353,0.0286,
DATA,CPT_26011,11.1,19.02,0.1365,0.0287,
DATA,CPT_26011,11.11,18.94,0.1399,0.0302,
DATA,CPT_26011,11.12,18.89,0.1419,0.0311,
DATA,CPT_26011,11.13,18.82,0.1422,0.031,
DATA,CPT_26011,11.14,18.73,0.1422,0.0315,
DATA,CPT_26011,11.15,18.58,0.1431,0.0324,
DATA,CPT_26011,11.16,18.42,0.1448,0.034,
DATA,CPT_26011,11.17,18.33,0.1437,0.0344,
DATA,CPT_26011,11.18,18.19,0.1418,0.0342,
DATA,CPT_26011,11.19,18.11,0.1415,0.0348,
DATA,CPT_26011,11.2,17.97,0.1407,0.037,
DATA,CPT_26011,11.21,17.9,0.1398,0.0383,
DATA,CPT_26011,11.22,17.82,0.1407,0.0381,
DATA,CPT_26011,11.23,17.66,0.1397,0.0377,
DATA,CPT_26011,11.24,17.63,0.1395,0.0369,
DATA,CPT_26011,11.25,17.57,0.1398,0.0357,
DATA,CPT_26011,11.26,17.49,0.1409,0.034,
DATA,CPT_26011,11.27,17.28,0.1396,0.0334,
DATA,CPT_26011,11.28,17.01,0.1384,0.0314,
DATA,CPT_26011,11.29,16.64,0.1374,0.0284,
DATA,CPT_26011,11.3,16.33,0.1377,0.0281,
DATA,CPT_26011,11.31,16.12,0.1388,0.0275,
DATA,CPT_26011,11.32,15.88,0.1395,0.0277,
DATA,CPT_26011,11.33,15.74,0.142,0.0281,
DATA,CPT_26011,11.34,15.81,0.142,0.0292,
DATA,CPT_26011,11.35,15.96,0.1417,0.0294,
DATA,CPT_26011,11.36,16.27,0.1413,0.0313,
DATA,CPT_26011,11.37,16.67,0.1413,0.0326,
DATA,CPT_26011,11.38,17.26,0.14,0.0322,
DATA,CPT_26011,11.39,17.89,0.136,0.0322,
DATA,CPT_26011,11.4,18.53,0.1329,0.0322,
DATA,CPT_26011,11.41,19.61,0.1288,0.0296,
DATA,CPT_26011,11.42,20.03,0.1277,0.0269,
DATA,CPT_26011,11.43,20.43,0.1266,0.0251,
DATA,CPT_26011,11.44,20.74,0.1241,0.024,
DATA,CPT_26011,11.45,20.98,0.1231,0.023,
DATA,CPT_26011,11.46,21.19,0.1226,0.0217,
DATA,CPT_26011,11.47,21.35,0.1217,0.0203,
DATA,CPT_26011,11.48,21.5,0.1221,0.0191,
DATA,CPT_26011,11.49,21.6,0.1235,0.0179,
DATA,CPT_26011,11.5,21.75,0.1297,0.0156,
DATA,CPT_26011,11.51,21.79,0.1299,0.0148,
DATA,CPT_26011,11.52,21.83,0.1305,0.0131,
DATA,CPT_26011,11.53,21.85,0.1314,0.0127,
DATA,CPT_26011,11.54,21.87,0.1329,0.0108,
DATA,CPT_26011,11.55,21.92,0.1341,0.0094,
DATA,CPT_26011,11.56,21.89,0.1367,0.0095,
DATA,CPT_26011,11.57,21.9,0.1377,0.0096,
DATA,CPT_26011,11.58,21.83,0.139,0.0101,
DATA,CPT_26011,11.59,21.74,0.1441,0.0115,
DATA,CPT_26011,11.6,21.75,0.1455,0.0118,
DATA,CPT_26011,11.61,21.66,0.1455,0.0121,
DATA,CPT_26011,11.62,21.57,0.1462,0.0123,
DATA,CPT_26011,11.63,21.45,0.1477,0.013,
DATA,CPT_26011,11.64,21.46,0.1495,0.0119,
DATA,CPT_26011,11.65,21.32,0.1513,0.0125,
DATA,CPT_26011,11.66,21.13,0.1514,0.0113,
DATA,CPT_26011,11.67,21.04,0.1528,0.0113,
DATA,CPT_26011,11.68,20.97,0.1536,0.0098,
DATA,CPT_26011,11.69,20.93,0.1549,0.0088,
DATA,CPT_26011,11.7,20.99,0.1576,0.0077,
DATA,CPT_26011,11.71,21.03,0.1585,0.0074,
DATA,CPT_26011,11.72,21.15,0.1587,0.0066,
DATA,CPT_26011,11.73,21.4,0.1589,0.0031,
DATA,CPT_26011,11.74,21.64,0.1592,0.0035,
DATA,CPT_26011,11.75,22.22,0.1577,0.0011,
DATA,CPT_26011,11.76,22.42,0.1597,0.0006,
DATA,CPT_26011,11.77,22.42,0.1597,0.0006,
DATA,CPT_26011,11.78,22.42,0.1597,0.0006,
DATA,CPT_26011,11.79,22.77,0.1303,0.0382,
DATA,CPT_26011,11.8,23.33,0.1311,0.0228,
DATA,CPT_26011,11.81,23.61,0.1323,0.0102,
DATA,CPT_26011,11.82,23.72,0.1359,0.0026,
DATA,CPT_26011,11.83,24.03,0.1366,-0.0066,
DATA,CPT_26011,11.84,24.15,0.1401,-0.0128,
DATA,CPT_26011,11.85,24.31,0.1388,-0.0189,
DATA,CPT_26011,11.86,24.6,0.1425,-0.0276,
DATA,CPT_26011,11.87,24.71,0.1458,-0.0308,
DATA,CPT_26011,11.88,24.78,0.1483,-0.0338,
DATA,CPT_26011,11.89,24.83,0.1505,-0.035,
DATA,CPT_26011,11.9,24.84,0.1507,-0.0365,
DATA,CPT_26011,11.91,24.81,0.152,-0.0376,
DATA,CPT_26011,11.92,24.8,0.1543,-0.0386,
DATA,CPT_26011,11.93,24.87,0.1529,-0.0399,
DATA,CPT_26011,11.94,24.86,0.1534,-0.0407,
DATA,CPT_26011,11.95,24.78,0.1581,-0.0421,
DATA,CPT_26011,11.96,24.76,0.1597,-0.0427,
DATA,CPT_26011,11.97,24.84,0.1594,-0.0439,
DATA,CPT_26011,11.98,24.72,0.1591,-0.0447,
DATA,CPT_26011,11.99,24.67,0.1608,-0.0453,
DATA,CPT_26011,12,24.71,0.1613,-0.0462,
DATA,CPT_26011,12.01,24.77,0.1611,-0.0481,
DATA,CPT_26011,12.02,24.77,0.1611,-0.0481,
DATA,CPT_26011,12.03,24.82,0.1599,-0.0495,
DATA,CPT_26011,12.04,24.78,0.1602,-0.0502,
DATA,CPT_26011,12.05,24.68,0.1591,-0.0506,
DATA,CPT_26011,12.06,24.73,0.1589,-0.0514,
DATA,CPT_26011,12.07,24.59,0.1573,-0.0516,
DATA,CPT_26011,12.08,24.51,0.1562,-0.052,
DATA,CPT_26011,12.09,24.51,0.1544,-0.0534,
DATA,CPT_26011,12.1,24.31,0.1568,-0.0538,
DATA,CPT_26011,12.11,24.1,0.1566,-0.0542,
DATA,CPT_26011,12.12,24.04,0.1557,-0.0548,
DATA,CPT_26011,12.13,24,0.1559,-0.0556,
DATA,CPT_26011,12.14,23.95,0.1566,-0.0558,
DATA,CPT_26011,12.15,23.89,0.1559,-0.0562,
DATA,CPT_26011,12.16,23.83,0.1561,-0.0575,
DATA,CPT_26011,12.17,23.62,0.1549,-0.0579,
DATA,CPT_26011,12.18,23.47,0.1545,-0.0579,
DATA,CPT_26011,12.19,23.45,0.1554,-0.0582,
DATA,CPT_26011,12.2,23.64,0.1523,-0.059,
DATA,CPT_26011,12.21,23.71,0.1508,-0.0595,
DATA,CPT_26011,12.22,23.71,0.1506,-0.0591,
DATA,CPT_26011,12.23,23.63,0.1495,-0.0587,
DATA,CPT_26011,12.24,23.57,0.1477,-0.059,
DATA,CPT_26011,12.25,23.42,0.1465,-0.0592,
DATA,CPT_26011,12.26,23.17,0.1461,-0.0587,
DATA,CPT_26011,12.27,22.95,0.145,-0.0592,
DATA,CPT_26011,12.28,22.66,0.1443,-0.0595,
DATA,CPT_26011,12.29,22.48,0.1436,-0.0593,
DATA,CPT_26011,12.3,22.17,0.1444,-0.0591,
DATA,CPT_26011,12.31,22,0.1442,-0.0591,
DATA,CPT_26011,12.32,21.91,0.1431,-0.0587,
DATA,CPT_26011,12.33,21.92,0.1449,-0.0585,
DATA,CPT_26011,12.34,22.03,0.1449,-0.0583,
DATA,CPT_26011,12.35,22.25,0.1445,-0.0583,
DATA,CPT_26011,12.36,22.44,0.1444,-0.0583,
DATA,CPT_26011,12.37,22.59,0.1437,-0.0586,
DATA,CPT_26011,12.38,22.7,0.1443,-0.0578,
DATA,CPT_26011,12.39,22.7,0.1433,-0.0576,
DATA,CPT_26011,12.4,22.65,0.1442,-0.0574,
DATA,CPT_26011,12.41,22.41,0.144,-0.0575,
DATA,CPT_26011,12.42,22.27,0.1419,-0.0579,
DATA,CPT_26011,12.43,22.12,0.1406,-0.0576,
DATA,CPT_26011,12.44,21.96,0.1356,-0.0574,
DATA,CPT_26011,12.45,21.78,0.1355,-0.0575,
DATA,CPT_26011,12.46,21.69,0.1357,-0.0572,
DATA,CPT_26011,12.47,21.64,0.1361,-0.0569,
DATA,CPT_26011,12.48,21.56,0.137,-0.0561,
DATA,CPT_26011,12.49,21.5,0.1369,-0.0561,
DATA,CPT_26011,12.5,21.5,0.1367,-0.0558,
DATA,CPT_26011,12.51,21.43,0.1379,-0.0553,
DATA,CPT_26011,12.52,21.35,0.1393,-0.0545,
DATA,CPT_26011,12.53,21.39,0.1392,-0.0549,
DATA,CPT_26011,12.54,21.4,0.1388,-0.0551,
DATA,CPT_26011,12.55,21.44,0.1393,-0.0552,
DATA,CPT_26011,12.56,21.43,0.1392,-0.0542,
DATA,CPT_26011,12.57,21.42,0.1393,-0.0541,
DATA,CPT_26011,12.58,21.35,0.1389,-0.0546,
DATA,CPT_26011,12.59,21.27,0.1407,-0.0543,
DATA,CPT_26011,12.6,21.2,0.1414,-0.0539,
DATA,CPT_26011,12.61,21.15,0.1426,-0.0539,
DATA,CPT_26011,12.62,21.27,0.1437,-0.0537,
DATA,CPT_26011,12.63,21.35,0.1446,-0.054,
DATA,CPT_26011,12.64,21.59,0.146,-0.0533,
DATA,CPT_26011,12.65,21.66,0.1459,-0.0532,
DATA,CPT_26011,12.66,21.65,0.1463,-0.0532,
DATA,CPT_26011,12.67,21.64,0.1453,-0.0532,
DATA,CPT_26011,12.68,21.57,0.1435,-0.053,
DATA,CPT_26011,12.69,21.42,0.1438,-0.0526,
DATA,CPT_26011,12.7,21.29,0.1425,-0.0527,
DATA,CPT_26011,12.71,21.13,0.1424,-0.0526,
DATA,CPT_26011,12.72,21.05,0.1401,-0.0525,
DATA,CPT_26011,12.73,20.95,0.1393,-0.0527,
DATA,CPT_26011,12.74,20.94,0.1392,-0.0526,
DATA,CPT_26011,12.75,20.91,0.1408,-0.0524,
DATA,CPT_26011,12.76,20.91,0.1408,-0.0524,
DATA,CPT_26011,12.77,20.803,0.1393,-0.0433,
DATA,CPT_26011,12.78,20.697,0.1378,-0.0342,
DATA,CPT_26011,12.79,20.59,0.1363,-0.0252,
DATA,CPT_26011,12.8,20.483,0.1348,-0.0161,
DATA,CPT_26011,12.81,20.377,0.1333,-0.007,
DATA,CPT_26011,12.82,20.27,0.1318,0.002,
DATA,CPT_26011,12.83,20.37,0.1348,-0.0014,
DATA,CPT_26011,12.84,20.55,0.1352,-0.0041,
DATA,CPT_26011,12.85,20.78,0.1385,-0.0077,
DATA,CPT_26011,12.86,20.98,0.1395,-0.0096,
DATA,CPT_26011,12.87,21.07,0.1405,-0.0104,
DATA,CPT_26011,12.88,21.18,0.1408,-0.0122,
DATA,CPT_26011,12.89,21.18,0.1415,-0.0131,
DATA,CPT_26011,12.9,21.31,0.1446,-0.0144,
DATA,CPT_26011,12.91,21.37,0.1437,-0.0157,
DATA,CPT_26011,12.92,21.67,0.1405,-0.0181,
DATA,CPT_26011,12.93,21.77,0.1417,-0.0186,
DATA,CPT_26011,12.94,21.87,0.1443,-0.0188,
DATA,CPT_26011,12.95,21.91,0.1443,-0.0208,
DATA,CPT_26011,12.96,21.93,0.1456,-0.0228,
DATA,CPT_26011,12.97,21.85,0.1462,-0.0249,
DATA,CPT_26011,12.98,21.86,0.1467,-0.0259,
DATA,CPT_26011,12.99,21.85,0.148,-0.0276,
DATA,CPT_26011,13,21.82,0.149,-0.0306,
DATA,CPT_26011,13.01,21.84,0.1506,-0.0316,
DATA,CPT_26011,13.02,21.8,0.1503,-0.0326,
DATA,CPT_26011,13.03,21.81,0.1496,-0.0339,
DATA,CPT_26011,13.04,21.77,0.15,-0.035,
DATA,CPT_26011,13.05,21.65,0.1495,-0.0364,
DATA,CPT_26011,13.06,21.5,0.1494,-0.0369,
DATA,CPT_26011,13.07,21.11,0.1476,-0.0377,
DATA,CPT_26011,13.08,20.92,0.147,-0.0386,
DATA,CPT_26011,13.09,20.71,0.1475,-0.0389,
DATA,CPT_26011,13.1,20.42,0.1459,-0.04,
DATA,CPT_26011,13.11,20.18,0.1446,-0.0404,
DATA,CPT_26011,13.12,19.92,0.144,-0.0409,
DATA,CPT_26011,13.13,19.3,0.144,-0.0414,
DATA,CPT_26011,13.14,19.08,0.144,-0.0415,
DATA,CPT_26011,13.15,18.89,0.1433,-0.0415,
DATA,CPT_26011,13.16,18.68,0.143,-0.0416,
DATA,CPT_26011,13.17,18.55,0.1424,-0.041,
DATA,CPT_26011,13.18,18.36,0.1435,-0.0404,
DATA,CPT_26011,13.19,18.26,0.1427,-0.0404,
DATA,CPT_26011,13.2,17.89,0.1398,-0.0401,
DATA,CPT_26011,13.21,17.51,0.1395,-0.0394,
DATA,CPT_26011,13.22,17.27,0.1393,-0.0394,
DATA,CPT_26011,13.23,16.99,0.1396,-0.0389,
DATA,CPT_26011,13.24,16.7,0.1393,-0.0383,
DATA,CPT_26011,13.25,16.44,0.1387,-0.0378,
DATA,CPT_26011,13.26,16.09,0.1369,-0.0374,
DATA,CPT_26011,13.27,15.8,0.1346,-0.0371,
DATA,CPT_26011,13.28,15.2,0.1335,-0.036,
DATA,CPT_26011,13.29,15.06,0.1333,-0.0354,
DATA,CPT_26011,13.3,14.96,0.133,-0.0348,
DATA,CPT_26011,13.31,14.96,0.132,-0.034,
DATA,CPT_26011,13.32,15,0.1312,-0.0331,
DATA,CPT_26011,13.33,15.04,0.1312,-0.0317,
DATA,CPT_26011,13.34,15.15,0.1308,-0.0309,
DATA,CPT_26011,13.35,15.54,0.1313,-0.0285,
DATA,CPT_26011,13.36,15.73,0.1313,-0.027,
DATA,CPT_26011,13.37,16,0.1303,-0.0259,
DATA,CPT_26011,13.38,16.29,0.1303,-0.0245,
DATA,CPT_26011,13.39,16.51,0.1302,-0.0232,
DATA,CPT_26011,13.4,16.63,0.1308,-0.0216,
DATA,CPT_26011,13.41,16.7,0.1318,-0.02,
DATA,CPT_26011,13.42,16.75,0.1298,-0.0179,
DATA,CPT_26011,13.43,16.75,0.1292,-0.0166,
DATA,CPT_26011,13.44,16.77,0.1296,-0.0152,
DATA,CPT_26011,13.45,16.83,0.1298,-0.0143,
DATA,CPT_26011,13.46,16.86,0.1308,-0.0127,
DATA,CPT_26011,13.47,16.9,0.1323,-0.0111,
DATA,CPT_26011,13.48,17.03,0.1324,-0.0096,
DATA,CPT_26011,13.49,17.35,0.1352,-0.0064,
DATA,CPT_26011,13.5,17.46,0.1359,-0.0053,
DATA,CPT_26011,13.51,17.67,0.1363,-0.0041,
DATA,CPT_26011,13.52,17.83,0.1364,-0.0026,
DATA,CPT_26011,13.53,18.02,0.1359,-0.0016,
DATA,CPT_26011,13.54,18.23,0.1355,-0.0004,
DATA,CPT_26011,13.55,18.35,0.1352,0.001,
DATA,CPT_26011,13.56,18.56,0.1382,0.0027,
DATA,CPT_26011,13.57,18.69,0.1407,0.0034,
DATA,CPT_26011,13.58,18.86,0.1426,0.005,
DATA,CPT_26011,13.59,19.18,0.1428,0.005,
DATA,CPT_26011,13.6,19.49,0.1438,0.0055,
DATA,CPT_26011,13.61,19.73,0.145,0.0057,
DATA,CPT_26011,13.62,20.37,0.1478,0.0047,
DATA,CPT_26011,13.63,20.63,0.1472,0.0024,
DATA,CPT_26011,13.64,20.9,0.1469,-0.0004,
DATA,CPT_26011,13.65,21.18,0.1484,-0.0042,
DATA,CPT_26011,13.66,21.27,0.1496,-0.0076,
DATA,CPT_26011,13.67,21.4,0.151,-0.013,
DATA,CPT_26011,13.68,21.43,0.15,-0.0179,
DATA,CPT_26011,13.69,21.42,0.1499,-0.0266,
DATA,CPT_26011,13.7,21.51,0.1495,-0.0299,
DATA,CPT_26011,13.71,21.54,0.1499,-0.0324,
DATA,CPT_26011,13.72,21.68,0.1509,-0.0355,
DATA,CPT_26011,13.73,21.84,0.1511,-0.0378,
DATA,CPT_26011,13.74,21.96,0.1496,-0.04,
DATA,CPT_26011,13.75,22.21,0.1481,-0.0417,
DATA,CPT_26011,13.76,22.57,0.1472,-0.0438,
DATA,CPT_26011,13.77,22.85,0.1475,-0.0445,
DATA,CPT_26011,13.78,22.872,0.1453,-0.041,
DATA,CPT_26011,13.79,22.895,0.1431,-0.0375,
DATA,CPT_26011,13.8,22.917,0.1409,-0.034,
DATA,CPT_26011,13.81,22.939,0.1387,-0.0305,
DATA,CPT_26011,13.82,22.962,0.1365,-0.027,
DATA,CPT_26011,13.83,22.984,0.1343,-0.0235,
DATA,CPT_26011,13.84,23.006,0.1321,-0.02,
DATA,CPT_26011,13.85,23.029,0.1299,-0.0165,
DATA,CPT_26011,13.86,23.051,0.1277,-0.013,
DATA,CPT_26011,13.87,23.073,0.1255,-0.0095,
DATA,CPT_26011,13.88,23.095,0.1233,-0.006,
DATA,CPT_26011,13.89,23.118,0.1211,-0.0025,
DATA,CPT_26011,13.9,23.14,0.1189,0.001,
DATA,CPT_26011,13.91,23.21,0.121,-0.0174,
DATA,CPT_26011,13.92,23.23,0.1219,-0.0291,
DATA,CPT_26011,13.93,23.13,0.1231,-0.0377,
DATA,CPT_26011,13.94,22.93,0.1237,-0.0437,
DATA,CPT_26011,13.95,22.8,0.1242,-0.0478,
DATA,CPT_26011,13.96,22.34,0.1287,-0.0525,
DATA,CPT_26011,13.97,22.09,0.1299,-0.0537,
DATA,CPT_26011,13.98,21.74,0.1321,-0.0548,
DATA,CPT_26011,13.99,21.36,0.134,-0.0557,
DATA,CPT_26011,14,21.06,0.1349,-0.0562,
DATA,CPT_26011,14.01,20.72,0.1361,-0.0559,
DATA,CPT_26011,14.02,20.31,0.137,-0.0564,
DATA,CPT_26011,14.03,20.1,0.1369,-0.0566,
DATA,CPT_26011,14.04,19.91,0.1371,-0.0561,
DATA,CPT_26011,14.05,19.76,0.1376,-0.0559,
DATA,CPT_26011,14.06,19.64,0.1401,-0.0553,
DATA,CPT_26011,14.07,19.49,0.1414,-0.0549,
DATA,CPT_26011,14.08,19.49,0.1418,-0.055,
DATA,CPT_26011,14.09,19.51,0.1411,-0.0546,
DATA,CPT_26011,14.1,19.56,0.1402,-0.0546,
DATA,CPT_26011,14.11,19.61,0.1404,-0.0543,
DATA,CPT_26011,14.12,19.66,0.1433,-0.0535,
DATA,CPT_26011,14.13,19.77,0.1434,-0.0538,
DATA,CPT_26011,14.14,19.82,0.1428,-0.0536,
DATA,CPT_26011,14.15,19.82,0.1412,-0.0536,
DATA,CPT_26011,14.16,19.61,0.1391,-0.0532,
DATA,CPT_26011,14.17,19.49,0.138,-0.0535,
DATA,CPT_26011,14.18,19.42,0.1372,-0.0536,
DATA,CPT_26011,14.19,19.35,0.1369,-0.0533,
DATA,CPT_26011,14.2,19.25,0.1369,-0.0533,
DATA,CPT_26011,14.21,19.12,0.1357,-0.0532,
DATA,CPT_26011,14.22,19.07,0.1345,-0.0531,
DATA,CPT_26011,14.23,19.04,0.1352,-0.0526,
DATA,CPT_26011,14.24,18.85,0.137,-0.0521,
DATA,CPT_26011,14.25,18.82,0.1364,-0.052,
DATA,CPT_26011,14.26,18.9,0.1366,-0.0517,
DATA,CPT_26011,14.27,18.89,0.1368,-0.0517,
DATA,CPT_26011,14.28,18.88,0.1365,-0.0516,
DATA,CPT_26011,14.29,18.92,0.1361,-0.0516,
DATA,CPT_26011,14.3,18.9,0.1366,-0.0511,
DATA,CPT_26011,14.31,18.98,0.1357,-0.0508,
DATA,CPT_26011,14.32,19.06,0.1356,-0.0507,
DATA,CPT_26011,14.33,19.06,0.1351,-0.0507,
DATA,CPT_26011,14.34,19.13,0.1346,-0.0508,
DATA,CPT_26011,14.35,19.14,0.134,-0.0505,
DATA,CPT_26011,14.36,19.19,0.1339,-0.0504,
DATA,CPT_26011,14.37,19.17,0.135,-0.0503,
DATA,CPT_26011,14.38,19.17,0.1345,-0.0499,
DATA,CPT_26011,14.39,19.12,0.1349,-0.0497,
DATA,CPT_26011,14.4,19.07,0.1348,-0.0494,
DATA,CPT_26011,14.41,19.07,0.1358,-0.0491,
DATA,CPT_26011,14.42,19.09,0.1364,-0.049,
DATA,CPT_26011,14.43,19.23,0.1367,-0.0493,
DATA,CPT_26011,14.44,19.47,0.1382,-0.0486,
DATA,CPT_26011,14.45,19.96,0.1389,-0.0477,
DATA,CPT_26011,14.46,20.28,0.1388,-0.0477,
DATA,CPT_26011,14.47,20.41,0.1396,-0.0471,
DATA,CPT_26011,14.48,20.65,0.139,-0.0471,
DATA,CPT_26011,14.49,20.77,0.139,-0.047,
DATA,CPT_26011,14.5,20.9,0.1408,-0.0469,
DATA,CPT_26011,14.51,21.15,0.1425,-0.0465,
DATA,CPT_26011,14.52,21.68,0.1451,-0.0464,
DATA,CPT_26011,14.53,22.07,0.1454,-0.0464,
DATA,CPT_26011,14.54,22.34,0.1454,-0.0462,
DATA,CPT_26011,14.55,22.64,0.144,-0.0462,
DATA,CPT_26011,14.56,22.85,0.1442,-0.0463,
DATA,CPT_26011,14.57,23.06,0.1448,-0.0463,
DATA,CPT_26011,14.58,23.23,0.144,-0.0469,
DATA,CPT_26011,14.59,23.36,0.1454,-0.0474,
DATA,CPT_26011,14.6,23.34,0.1456,-0.0481,
DATA,CPT_26011,14.61,23.28,0.1452,-0.0492,
DATA,CPT_26011,14.62,23.12,0.1446,-0.0498,
DATA,CPT_26011,14.63,22.97,0.1456,-0.0502,
DATA,CPT_26011,14.64,22.76,0.1477,-0.0502,
DATA,CPT_26011,14.65,22.54,0.1465,-0.0509,
DATA,CPT_26011,14.66,22.22,0.1454,-0.0516,
DATA,CPT_26011,14.67,21.95,0.1465,-0.0513,
DATA,CPT_26011,14.68,21.78,0.1457,-0.0513,
DATA,CPT_26011,14.69,21.57,0.1464,-0.0514,
DATA,CPT_26011,14.7,21.36,0.1489,-0.0513,
DATA,CPT_26011,14.71,21.17,0.15,-0.0512,
DATA,CPT_26011,14.72,21.09,0.1499,-0.0509,
DATA,CPT_26011,14.73,20.69,0.1507,-0.0502,
DATA,CPT_26011,14.74,20.56,0.1519,-0.05,
DATA,CPT_26011,14.75,20.46,0.1521,-0.0499,
DATA,CPT_26011,14.76,20.34,0.1522,-0.0494,
DATA,CPT_26011,14.77,20.24,0.154,-0.0486,
DATA,CPT_26011,14.78,20.21,0.1537,-0.0486,
DATA,CPT_26011,14.79,20.21,0.1543,-0.0483,
DATA,CPT_26011,14.8,20.25,0.1547,-0.0476,
DATA,CPT_26011,14.81,20.18,0.1549,-0.0471,
DATA,CPT_26011,14.82,20.23,0.1549,-0.0467,
DATA,CPT_26011,14.83,20.1,0.1559,-0.0465,
DATA,CPT_26011,14.84,20.01,0.1565,-0.046,
DATA,CPT_26011,14.85,20.01,0.1565,-0.046,
DATA,CPT_26011,14.86,20.01,0.1565,-0.046,
DATA,CPT_26011,14.87,19.56,0.1412,0.0527,
DATA,CPT_26011,14.88,19.61,0.1425,0.0412,
DATA,CPT_26011,14.89,19.66,0.1448,0.0355,
DATA,CPT_26011,14.9,19.66,0.1484,0.0292,
DATA,CPT_26011,14.91,19.7,0.1496,0.0268,
DATA,CPT_26011,14.92,19.72,0.1515,0.025,
DATA,CPT_26011,14.93,19.79,0.1529,0.0229,
DATA,CPT_26011,14.94,19.83,0.1544,0.0212,
DATA,CPT_26011,14.95,19.84,0.1541,0.0186,
DATA,CPT_26011,14.96,19.83,0.1546,0.0162,
DATA,CPT_26011,14.97,19.75,0.1551,0.0125,
DATA,CPT_26011,14.98,19.65,0.1526,0.0109,
DATA,CPT_26011,14.99,19.59,0.1508,0.0102,
DATA,CPT_26011,15,19.52,0.1501,0.0086,
DATA,CPT_26011,15.01,19.43,0.1491,0.0071,
DATA,CPT_26011,15.02,19.31,0.1483,0.0064,
DATA,CPT_26011,15.03,19.18,0.1481,0.0057,
DATA,CPT_26011,15.04,19.01,0.1472,0.0055,
DATA,CPT_26011,15.05,18.83,0.1462,0.0052,
DATA,CPT_26011,15.06,18.67,0.1463,0.006,
DATA,CPT_26011,15.07,18.35,0.1457,0.0077,
DATA,CPT_26011,15.08,18.24,0.1459,0.0081,
DATA,CPT_26011,15.09,18.12,0.1458,0.0096,
DATA,CPT_26011,15.1,18.1,0.1468,0.0113,
DATA,CPT_26011,15.11,18.18,0.1482,0.013,
DATA,CPT_26011,15.12,18.25,0.149,0.015,
DATA,CPT_26011,15.13,18.33,0.1501,0.0174,
DATA,CPT_26011,15.14,18.58,0.1509,0.0189,
DATA,CPT_26011,15.15,18.76,0.1522,0.0213,
DATA,CPT_26011,15.16,19.04,0.1541,0.0242,
DATA,CPT_26011,15.17,19.4,0.1564,0.0272,
DATA,CPT_26011,15.18,20.43,0.1563,0.0335,
DATA,CPT_26011,15.19,20.9,0.1565,0.0363,
DATA,CPT_26011,15.2,21.35,0.1575,0.0388,
DATA,CPT_26011,15.21,21.73,0.1597,0.0414,
DATA,CPT_26011,15.22,21.97,0.1615,0.043,
DATA,CPT_26011,15.23,22.15,0.1636,0.0434,
DATA,CPT_26011,15.24,22.31,0.1662,0.0433,
DATA,CPT_26011,15.25,22.34,0.1689,0.0431,
DATA,CPT_26011,15.26,22.38,0.1711,0.0415,
DATA,CPT_26011,15.27,22.55,0.175,0.0371,
DATA,CPT_26011,15.28,22.54,0.1792,0.0359,
DATA,CPT_26011,15.29,22.54,0.1835,0.0331,
DATA,CPT_26011,15.3,22.68,0.1865,0.0296,
DATA,CPT_26011,15.31,22.82,0.1886,0.0275,
DATA,CPT_26011,15.32,22.9,0.1912,0.0247,
DATA,CPT_26011,15.33,23.04,0.1933,0.0223,
DATA,CPT_26011,15.34,23.24,0.1979,0.0197,
DATA,CPT_26011,15.35,23.59,0.2005,0.0139,
DATA,CPT_26011,15.36,23.61,0.2012,0.0115,
DATA,CPT_26011,15.37,23.68,0.1996,0.0082,
DATA,CPT_26011,15.38,23.8,0.199,0.0062,
DATA,CPT_26011,15.39,23.79,0.2007,0.0053,
DATA,CPT_26011,15.4,23.81,0.2009,0.0023,
DATA,CPT_26011,15.41,23.83,0.2018,0.0001,
DATA,CPT_26011,15.42,23.81,0.2015,-0.0016,
DATA,CPT_26011,15.43,23.81,0.2,-0.0044,
DATA,CPT_26011,15.44,23.61,0.2023,-0.0062,
DATA,CPT_26011,15.45,23.54,0.2022,-0.0083,
DATA,CPT_26011,15.46,23.52,0.2021,-0.0096,
DATA,CPT_26011,15.47,23.52,0.2015,-0.0113,
DATA,CPT_26011,15.48,23.52,0.2012,-0.0133,
DATA,CPT_26011,15.49,23.56,0.2023,-0.0142,
DATA,CPT_26011,15.5,23.59,0.2037,-0.0153,
DATA,CPT_26011,15.51,23.67,0.2056,-0.0159,
DATA,CPT_26011,15.52,23.78,0.2056,-0.0167,
DATA,CPT_26011,15.53,23.91,0.2056,-0.0171,
DATA,CPT_26011,15.54,24.17,0.2058,-0.0181,
DATA,CPT_26011,15.55,24.22,0.2039,-0.0197,
DATA,CPT_26011,15.56,24.27,0.2021,-0.0204,
DATA,CPT_26011,15.57,24.17,0.1986,-0.0223,
DATA,CPT_26011,15.58,24.12,0.1966,-0.0228,
DATA,CPT_26011,15.59,24,0.1956,-0.0233,
DATA,CPT_26011,15.6,23.83,0.1951,-0.0245,
DATA,CPT_26011,15.61,23.85,0.1961,-0.0249,
DATA,CPT_26011,15.62,23.76,0.1999,-0.0249,
DATA,CPT_26011,15.63,23.81,0.1984,-0.0261,
DATA,CPT_26011,15.64,23.83,0.1994,-0.0262,
DATA,CPT_26011,15.65,23.8,0.2026,-0.0261,
DATA,CPT_26011,15.66,23.81,0.2038,-0.0272,
DATA,CPT_26011,15.67,24.02,0.2034,-0.0285,
DATA,CPT_26011,15.68,24.1,0.2035,-0.0292,
DATA,CPT_26011,15.69,24.1,0.2036,-0.0293,
DATA,CPT_26011,15.7,23.94,0.2048,-0.0289,
DATA,CPT_26011,15.71,23.87,0.2055,-0.0284,
DATA,CPT_26011,15.72,23.79,0.2041,-0.0292,
DATA,CPT_26011,15.73,23.81,0.2012,-0.0295,
DATA,CPT_26011,15.74,23.79,0.199,-0.0299,
DATA,CPT_26011,15.75,23.61,0.1966,-0.0302,
DATA,CPT_26011,15.76,23.43,0.1965,-0.0302,
DATA,CPT_26011,15.77,23.23,0.1982,-0.0308,
DATA,CPT_26011,15.78,23.04,0.1984,-0.0308,
DATA,CPT_26011,15.79,22.96,0.1991,-0.0311,
DATA,CPT_26011,15.8,22.76,0.1997,-0.0306,
DATA,CPT_26011,15.81,22.61,0.2018,-0.0297,
DATA,CPT_26011,15.82,22.54,0.2007,-0.0297,
DATA,CPT_26011,15.83,22.39,0.1998,-0.0299,
DATA,CPT_26011,15.84,22.32,0.195,-0.0307,
DATA,CPT_26011,15.85,22.27,0.1919,-0.0302,
DATA,CPT_26011,15.86,22.27,0.1919,-0.0302,
DATA,CPT_26011,15.87,22.27,0.1919,-0.0302,
DATA,CPT_26011,15.88,21.09,0.1708,0.0702,
DATA,CPT_26011,15.89,20.91,0.1706,0.0526,
DATA,CPT_26011,15.9,20.7,0.1693,0.0414,
DATA,CPT_26011,15.91,20.42,0.1681,0.0347,
DATA,CPT_26011,15.92,20.24,0.1689,0.0293,
DATA,CPT_26011,15.93,20,0.1695,0.0258,
DATA,CPT_26011,15.94,19.4,0.1705,0.021,
DATA,CPT_26011,15.95,18.95,0.1698,0.019,
DATA,CPT_26011,15.96,18.53,0.1686,0.0171,
DATA,CPT_26011,15.97,18.05,0.1672,0.0173,
DATA,CPT_26011,15.98,17.6,0.1657,0.0175,
DATA,CPT_26011,15.99,17.12,0.1637,0.0184,
DATA,CPT_26011,16,16.7,0.163,0.019,
DATA,CPT_26011,16.01,16.29,0.1621,0.0202,
DATA,CPT_26011,16.02,15.68,0.1605,0.0227,
DATA,CPT_26011,16.03,15.43,0.1609,0.0241,
DATA,CPT_26011,16.04,15.27,0.1603,0.0257,
DATA,CPT_26011,16.05,15.15,0.1589,0.0283,
DATA,CPT_26011,16.06,15.07,0.1576,0.031,
DATA,CPT_26011,16.07,15.02,0.1548,0.0333,
DATA,CPT_26011,16.08,15.06,0.1547,0.0364,
DATA,CPT_26011,16.09,15.1,0.1544,0.0392,
DATA,CPT_26011,16.1,15.11,0.1546,0.0427,
DATA,CPT_26011,16.11,15.14,0.1575,0.0464,
DATA,CPT_26011,16.12,15.16,0.1587,0.049,
DATA,CPT_26011,16.13,15.37,0.1565,0.0543,
DATA,CPT_26011,16.14,15.46,0.1565,0.0579,
DATA,CPT_26011,16.15,15.63,0.1572,0.0613,
DATA,CPT_26011,16.16,15.84,0.1582,0.0644,
DATA,CPT_26011,16.17,16.03,0.1596,0.068,
DATA,CPT_26011,16.18,16.37,0.1599,0.0708,
DATA,CPT_26011,16.19,16.56,0.1617,0.0736,
DATA,CPT_26011,16.2,16.76,0.1624,0.0762,
DATA,CPT_26011,16.21,16.94,0.1641,0.0779,
DATA,CPT_26011,16.22,17.34,0.1665,0.0789,
DATA,CPT_26011,16.23,17.46,0.1697,0.0791,
DATA,CPT_26011,16.24,17.58,0.1706,0.077,
DATA,CPT_26011,16.25,17.7,0.1707,0.0762,
DATA,CPT_26011,16.26,17.67,0.1725,0.0747,
DATA,CPT_26011,16.27,17.7,0.1728,0.0695,
DATA,CPT_26011,16.28,17.7,0.1729,0.0665,
DATA,CPT_26011,16.29,17.63,0.1742,0.0629,
DATA,CPT_26011,16.3,17.59,0.1739,0.0592,
DATA,CPT_26011,16.31,17.45,0.1722,0.0546,
DATA,CPT_26011,16.32,17.48,0.1727,0.0526,
DATA,CPT_26011,16.33,17.37,0.1721,0.0516,
DATA,CPT_26011,16.34,17.33,0.1717,0.0496,
DATA,CPT_26011,16.35,17.27,0.1709,0.0496,
DATA,CPT_26011,16.36,17.22,0.1697,0.0491,
DATA,CPT_26011,16.37,17.07,0.1692,0.0494,
DATA,CPT_26011,16.38,16.88,0.1692,0.0497,
DATA,CPT_26011,16.39,16.75,0.1696,0.05,
DATA,CPT_26011,16.4,16.63,0.1688,0.0509,
DATA,CPT_26011,16.41,16.5,0.1682,0.0519,
DATA,CPT_26011,16.42,16.58,0.1681,0.0552,
DATA,CPT_26011,16.43,16.72,0.1683,0.057,
DATA,CPT_26011,16.44,16.89,0.1692,0.0587,
DATA,CPT_26011,16.45,17.15,0.1687,0.0598,
DATA,CPT_26011,16.46,17.37,0.1684,0.0617,
DATA,CPT_26011,16.47,17.53,0.1674,0.063,
DATA,CPT_26011,16.48,17.65,0.1689,0.064,
DATA,CPT_26011,16.49,17.75,0.1693,0.0642,
DATA,CPT_26011,16.5,17.99,0.1696,0.064,
DATA,CPT_26011,16.51,18.03,0.1711,0.0645,
DATA,CPT_26011,16.52,18.09,0.1716,0.0643,
DATA,CPT_26011,16.53,18.11,0.1734,0.065,
DATA,CPT_26011,16.54,18.14,0.174,0.0654,
DATA,CPT_26011,16.55,18.27,0.1734,0.0646,
DATA,CPT_26011,16.56,18.39,0.1726,0.0645,
DATA,CPT_26011,16.57,18.48,0.1729,0.0653,
DATA,CPT_26011,16.58,18.61,0.1739,0.065,
DATA,CPT_26011,16.59,18.54,0.1764,0.0627,
DATA,CPT_26011,16.6,18.46,0.1778,0.0616,
DATA,CPT_26011,16.61,18.34,0.1779,0.0612,
DATA,CPT_26011,16.62,18.35,0.1777,0.0599,
DATA,CPT_26011,16.63,18.24,0.1781,0.0587,
DATA,CPT_26011,16.64,18.17,0.1784,0.0564,
DATA,CPT_26011,16.65,18.09,0.1784,0.0552,
DATA,CPT_26011,16.66,18.01,0.1799,0.0545,
DATA,CPT_26011,16.67,18.06,0.1811,0.0541,
DATA,CPT_26011,16.68,18.11,0.182,0.0546,
DATA,CPT_26011,16.69,18.2,0.1812,0.0539,
DATA,CPT_26011,16.7,18.24,0.1807,0.0538,
DATA,CPT_26011,16.71,18.13,0.1822,0.0553,
DATA,CPT_26011,16.72,18.08,0.1824,0.0556,
DATA,CPT_26011,16.73,18.02,0.1806,0.0559,
DATA,CPT_26011,16.74,17.96,0.1792,0.0559,
DATA,CPT_26011,16.75,17.91,0.1789,0.0566,
DATA,CPT_26011,16.76,17.92,0.1802,0.058,
DATA,CPT_26011,16.77,17.95,0.18,0.058,
DATA,CPT_26011,16.78,17.95,0.18,0.058,
DATA,CPT_26011,16.79,17.89,0.1796,0.0567,
DATA,CPT_26011,16.8,17.82,0.1811,0.0569,
DATA,CPT_26011,16.81,17.76,0.1807,0.0562,
DATA,CPT_26011,16.82,17.71,0.1797,0.0555,
DATA,CPT_26011,16.83,17.6,0.1783,0.0548,
DATA,CPT_26011,16.84,17.58,0.1779,0.0536,
DATA,CPT_26011,16.85,17.58,0.1779,0.0536,
DATA,CPT_26011,16.86,17.58,0.1779,0.0536,
DATA,CPT_26011,16.87,16.68,0.1552,0.0946,
DATA,CPT_26011,16.88,16.5,0.1556,0.0835,
DATA,CPT_26011,16.89,16.41,0.1574,0.075,
DATA,CPT_26011,16.9,16.31,0.1577,0.0704,
DATA,CPT_26011,16.91,16.31,0.1604,0.0665,
DATA,CPT_26011,16.92,16.43,0.1615,0.0637,
DATA,CPT_26011,16.93,16.65,0.1617,0.0598,
DATA,CPT_26011,16.94,16.71,0.1618,0.0565,
DATA,CPT_26011,16.95,16.74,0.1614,0.0553,
DATA,CPT_26011,16.96,16.75,0.1617,0.0536,
DATA,CPT_26011,16.97,16.82,0.1615,0.0527,
DATA,CPT_26011,16.98,16.86,0.1612,0.0525,
DATA,CPT_26011,16.99,16.99,0.1607,0.052,
DATA,CPT_26011,17,17.1,0.1604,0.0525,
DATA,CPT_26011,17.01,17.18,0.1602,0.0516,
DATA,CPT_26011,17.02,17.36,0.1586,0.049,
DATA,CPT_26011,17.03,17.32,0.1582,0.0491,
DATA,CPT_26011,17.04,17.25,0.1563,0.0488,
DATA,CPT_26011,17.05,17.1,0.1567,0.0497,
DATA,CPT_26011,17.06,17.01,0.1571,0.0494,
DATA,CPT_26011,17.07,16.87,0.1581,0.0495,
DATA,CPT_26011,17.08,16.7,0.158,0.0488,
DATA,CPT_26011,17.09,16.65,0.1576,0.0477,
DATA,CPT_26011,17.1,16.58,0.1572,0.0479,
DATA,CPT_26011,17.11,16.52,0.1568,0.0481,
DATA,CPT_26011,17.12,16.48,0.158,0.0486,
DATA,CPT_26011,17.13,16.4,0.1579,0.0484,
DATA,CPT_26011,17.14,16.38,0.1574,0.0484,
DATA,CPT_26011,17.15,16.43,0.1573,0.0475,
DATA,CPT_26011,17.16,16.43,0.1568,0.0483,
DATA,CPT_26011,17.17,16.45,0.1563,0.0488,
DATA,CPT_26011,17.18,16.42,0.1568,0.0486,
DATA,CPT_26011,17.19,16.45,0.1584,0.0497,
DATA,CPT_26011,17.2,16.59,0.1578,0.0504,
DATA,CPT_26011,17.21,16.59,0.1578,0.0504,
DATA,CPT_26011,17.22,16.63,0.1579,0.0521,
DATA,CPT_26011,17.23,16.64,0.1578,0.0525,
DATA,CPT_26011,17.24,16.63,0.1569,0.0531,
DATA,CPT_26011,17.25,16.65,0.157,0.0543,
DATA,CPT_26011,17.26,16.67,0.1567,0.0555,
DATA,CPT_26011,17.27,16.67,0.1562,0.056,
DATA,CPT_26011,17.28,16.69,0.1568,0.057,
DATA,CPT_26011,17.29,16.67,0.1602,0.0576,
DATA,CPT_26011,17.3,16.83,0.1596,0.0572,
DATA,CPT_26011,17.31,16.96,0.1603,0.0578,
DATA,CPT_26011,17.32,17.05,0.161,0.0582,
DATA,CPT_26011,17.33,17.19,0.1614,0.0582,
DATA,CPT_26011,17.34,17.34,0.1623,0.0568,
DATA,CPT_26011,17.35,17.41,0.1635,0.057,
DATA,CPT_26011,17.36,17.5,0.1644,0.0551,
DATA,CPT_26011,17.37,17.54,0.1651,0.0532,
DATA,CPT_26011,17.38,17.68,0.1659,0.0533,
DATA,CPT_26011,17.39,17.89,0.1684,0.0531,
DATA,CPT_26011,17.4,17.95,0.1687,0.0508,
DATA,CPT_26011,17.41,18.04,0.1692,0.0484,
DATA,CPT_26011,17.42,18.13,0.1696,0.048,
DATA,CPT_26011,17.43,18.23,0.1701,0.0469,
DATA,CPT_26011,17.44,18.32,0.1688,0.0447,
DATA,CPT_26011,17.45,18.32,0.169,0.0438,
DATA,CPT_26011,17.46,18.33,0.1686,0.0418,
DATA,CPT_26011,17.47,18.29,0.1693,0.0379,
DATA,CPT_26011,17.48,18.32,0.17,0.0367,
DATA,CPT_26011,17.49,18.35,0.1705,0.0348,
DATA,CPT_26011,17.5,18.31,0.1693,0.032,
DATA,CPT_26011,17.51,18.29,0.1692,0.0295,
DATA,CPT_26011,17.52,18.25,0.1681,0.0272,
DATA,CPT_26011,17.53,18.24,0.169,0.0267,
DATA,CPT_26011,17.54,18.2,0.1703,0.0264,
DATA,CPT_26011,17.55,18.21,0.1703,0.0245,
DATA,CPT_26011,17.56,18.26,0.17,0.024,
DATA,CPT_26011,17.57,18.4,0.1724,0.022,
DATA,CPT_26011,17.58,18.41,0.1725,0.0203,
DATA,CPT_26011,17.59,18.44,0.1713,0.0176,
DATA,CPT_26011,17.6,18.46,0.1715,0.0166,
DATA,CPT_26011,17.61,18.51,0.1713,0.0155,
DATA,CPT_26011,17.62,18.45,0.172,0.0141,
DATA,CPT_26011,17.63,18.46,0.1725,0.0123,
DATA,CPT_26011,17.64,18.49,0.173,0.012,
DATA,CPT_26011,17.65,18.6,0.1734,0.0109,
DATA,CPT_26011,17.66,18.74,0.1743,0.0101,
DATA,CPT_26011,17.67,19.03,0.1721,0.008,
DATA,CPT_26011,17.68,19.16,0.1722,0.0074,
DATA,CPT_26011,17.69,19.2,0.1719,0.006,
DATA,CPT_26011,17.7,19.26,0.17,0.003,
DATA,CPT_26011,17.71,19.26,0.1695,0.0017,
DATA,CPT_26011,17.72,19.25,0.1703,0.0005,
DATA,CPT_26011,17.73,19.26,0.1699,-0.0012,
DATA,CPT_26011,17.74,19.19,0.1701,-0.0039,
DATA,CPT_26011,17.75,19.13,0.1692,-0.0055,
DATA,CPT_26011,17.76,19.19,0.1684,-0.0066,
DATA,CPT_26011,17.77,19.12,0.168,-0.0072,
DATA,CPT_26011,17.78,19.04,0.1693,-0.0075,
DATA,CPT_26011,17.79,18.99,0.1689,-0.0083,
DATA,CPT_26011,17.8,18.95,0.1661,-0.0098,
DATA,CPT_26011,17.81,18.76,0.1646,-0.0106,
DATA,CPT_26011,17.82,18.59,0.1647,-0.0112,
DATA,CPT_26011,17.83,18.51,0.1631,-0.0122,
DATA,CPT_26011,17.84,18.07,0.1607,-0.0131,
DATA,CPT_26011,17.85,17.89,0.1596,-0.0139,
DATA,CPT_26011,17.86,17.89,0.1596,-0.0139,
DATA,CPT_26011,17.87,17.89,0.1596,-0.0139,
DATA,CPT_26011,17.88,16.79,0.1471,0.0782,
DATA,CPT_26011,17.89,16.66,0.1488,0.0607,
DATA,CPT_26011,17.9,16.61,0.1493,0.0507,
DATA,CPT_26011,17.91,16.58,0.1507,0.047,
DATA,CPT_26011,17.92,16.58,0.1508,0.0441,
DATA,CPT_26011,17.93,16.76,0.1539,0.0409,
DATA,CPT_26011,17.94,16.86,0.1554,0.0409,
DATA,CPT_26011,17.95,16.94,0.1565,0.0426,
DATA,CPT_26011,17.96,17.09,0.1569,0.0431,
DATA,CPT_26011,17.97,17.23,0.1596,0.0445,
DATA,CPT_26011,17.98,17.42,0.1624,0.0464,
DATA,CPT_26011,17.99,17.62,0.1625,0.0482,
DATA,CPT_26011,18,17.84,0.1608,0.048,
DATA,CPT_26011,18.01,18.01,0.1604,0.0483,
DATA,CPT_26011,18.02,18.18,0.1619,0.0506,
DATA,CPT_26011,18.03,18.23,0.1615,0.0509,
DATA,CPT_26011,18.04,18.3,0.1615,0.052,
DATA,CPT_26011,18.05,18.28,0.1628,0.0526,
DATA,CPT_26011,18.06,18.28,0.1632,0.0528,
DATA,CPT_26011,18.07,18.24,0.1642,0.053,
DATA,CPT_26011,18.08,18.2,0.1672,0.0542,
DATA,CPT_26011,18.09,18.26,0.1701,0.0531,
DATA,CPT_26011,18.1,18.33,0.1696,0.0528,
DATA,CPT_26011,18.11,18.62,0.1703,0.0479,
DATA,CPT_26011,18.12,18.75,0.1729,0.0439,
DATA,CPT_26011,18.13,18.77,0.1744,0.041,
DATA,CPT_26011,18.14,18.86,0.1753,0.0392,
DATA,CPT_26011,18.15,18.97,0.1772,0.0381,
DATA,CPT_26011,18.16,19.07,0.178,0.0363,
DATA,CPT_26011,18.17,19.21,0.1793,0.0334,
DATA,CPT_26011,18.18,19.37,0.1811,0.0299,
DATA,CPT_26011,18.19,19.5,0.1821,0.0274,
DATA,CPT_26011,18.2,19.71,0.1831,0.0212,
DATA,CPT_26011,18.21,19.76,0.183,0.019,
DATA,CPT_26011,18.22,19.94,0.1828,0.0156,
DATA,CPT_26011,18.23,20.06,0.183,0.013,
DATA,CPT_26011,18.24,20.33,0.1816,0.0092,
DATA,CPT_26011,18.25,20.58,0.1794,0.0064,
DATA,CPT_26011,18.26,20.75,0.1784,0.003,
DATA,CPT_26011,18.27,20.85,0.1775,-0.0005,
DATA,CPT_26011,18.28,20.98,0.1762,-0.0047,
DATA,CPT_26011,18.29,21.05,0.1761,-0.0101,
DATA,CPT_26011,18.3,20.9,0.1769,-0.0127,
DATA,CPT_26011,18.31,20.85,0.1764,-0.0152,
DATA,CPT_26011,18.32,20.76,0.1763,-0.0179,
DATA,CPT_26011,18.33,20.63,0.1761,-0.0204,
DATA,CPT_26011,18.34,20.52,0.1752,-0.0228,
DATA,CPT_26011,18.35,20.37,0.1748,-0.0242,
DATA,CPT_26011,18.36,20.27,0.1739,-0.0257,
DATA,CPT_26011,18.37,20.19,0.1736,-0.0271,
DATA,CPT_26011,18.38,19.93,0.1724,-0.0289,
DATA,CPT_26011,18.39,19.81,0.1717,-0.0298,
DATA,CPT_26011,18.4,19.73,0.1705,-0.0303,
DATA,CPT_26011,18.41,19.68,0.1682,-0.0311,
DATA,CPT_26011,18.42,19.64,0.167,-0.0318,
DATA,CPT_26011,18.43,19.65,0.1664,-0.0329,
DATA,CPT_26011,18.44,19.67,0.166,-0.0333,
DATA,CPT_26011,18.45,19.72,0.165,-0.0336,
DATA,CPT_26011,18.46,19.77,0.1637,-0.0338,
DATA,CPT_26011,18.47,19.83,0.1621,-0.0342,
DATA,CPT_26011,18.48,19.81,0.1612,-0.0343,
DATA,CPT_26011,18.49,19.7,0.1609,-0.0355,
DATA,CPT_26011,18.5,19.64,0.1611,-0.0357,
DATA,CPT_26011,18.51,19.6,0.1605,-0.0353,
DATA,CPT_26011,18.52,19.67,0.1608,-0.0353,
DATA,CPT_26011,18.53,19.63,0.1599,-0.0353,
DATA,CPT_26011,18.54,19.69,0.1589,-0.0352,
DATA,CPT_26011,18.55,19.8,0.1575,-0.035,
DATA,CPT_26011,18.56,19.94,0.1578,-0.0345,
DATA,CPT_26011,18.57,19.98,0.1579,-0.0346,
DATA,CPT_26011,18.58,19.88,0.1589,-0.0342,
DATA,CPT_26011,18.59,19.86,0.1594,-0.0342,
DATA,CPT_26011,18.6,19.83,0.1597,-0.0343,
DATA,CPT_26011,18.61,19.91,0.1604,-0.0336,
DATA,CPT_26011,18.62,20,0.162,-0.0334,
DATA,CPT_26011,18.63,20.08,0.164,-0.0334,
DATA,CPT_26011,18.64,20.12,0.1659,-0.0332,
DATA,CPT_26011,18.65,20.27,0.1668,-0.0337,
DATA,CPT_26011,18.66,20.61,0.1728,-0.0337,
DATA,CPT_26011,18.67,20.85,0.1739,-0.034,
DATA,CPT_26011,18.68,21.06,0.1754,-0.0341,
DATA,CPT_26011,18.69,21.39,0.1764,-0.0343,
DATA,CPT_26011,18.7,21.66,0.1773,-0.0345,
DATA,CPT_26011,18.71,21.93,0.1781,-0.0348,
DATA,CPT_26011,18.72,22.18,0.1779,-0.035,
DATA,CPT_26011,18.73,22.28,0.1774,-0.0356,
DATA,CPT_26011,18.74,22.46,0.1764,-0.0362,
DATA,CPT_26011,18.75,22.51,0.1767,-0.0373,
DATA,CPT_26011,18.76,22.41,0.1773,-0.0378,
DATA,CPT_26011,18.77,22.21,0.1776,-0.0384,
DATA,CPT_26011,18.78,22.14,0.1764,-0.0397,
DATA,CPT_26011,18.79,21.97,0.1764,-0.0408,
DATA,CPT_26011,18.8,21.87,0.1767,-0.0419,
DATA,CPT_26011,18.81,21.91,0.1782,-0.0423,
DATA,CPT_26011,18.82,21.9,0.1781,-0.0431,
DATA,CPT_26011,18.83,21.96,0.1779,-0.0443,
DATA,CPT_26011,18.84,22.13,0.1787,-0.0452,
DATA,CPT_26011,18.85,22.16,0.1773,-0.0479,
DATA,CPT_26011,18.86,22.16,0.1773,-0.0479,
DATA,CPT_26011,18.87,22.16,0.1773,-0.0479,
DATA,CPT_26011,18.88,21.84,0.1618,0.0138,
DATA,CPT_26011,18.89,21.89,0.1618,0.0015,
DATA,CPT_26011,18.9,21.95,0.162,-0.0075,
DATA,CPT_26011,18.91,22.04,0.1611,-0.0132,
DATA,CPT_26011,18.92,22.05,0.1611,-0.0172,
DATA,CPT_26011,18.93,22.05,0.1676,-0.0247,
DATA,CPT_26011,18.94,22.1,0.1709,-0.0279,
DATA,CPT_26011,18.95,22.32,0.1745,-0.0314,
DATA,CPT_26011,18.96,22.55,0.1731,-0.0333,
DATA,CPT_26011,18.97,22.71,0.1729,-0.0354,
DATA,CPT_26011,18.98,22.84,0.1729,-0.0371,
DATA,CPT_26011,18.99,22.91,0.1705,-0.0383,
DATA,CPT_26011,19,22.82,0.1695,-0.0418,
DATA,CPT_26011,19.01,22.8,0.1694,-0.044,
DATA,CPT_26011,19.02,22.75,0.1692,-0.0452,
DATA,CPT_26011,19.03,22.73,0.1702,-0.0451,
DATA,CPT_26011,19.04,22.72,0.1708,-0.0464,
DATA,CPT_26011,19.05,22.71,0.1692,-0.0475,
DATA,CPT_26011,19.06,22.79,0.168,-0.0483,
DATA,CPT_26011,19.07,22.68,0.1681,-0.0488,
DATA,CPT_26011,19.08,22.72,0.1662,-0.0498,
DATA,CPT_26011,19.09,22.53,0.1667,-0.0499,
DATA,CPT_26011,19.1,22.28,0.1642,-0.0511,
DATA,CPT_26011,19.11,22.02,0.1629,-0.052,
DATA,CPT_26011,19.12,21.76,0.1617,-0.0522,
DATA,CPT_26011,19.13,21.49,0.1596,-0.0524,
DATA,CPT_26011,19.14,21.25,0.1591,-0.0528,
DATA,CPT_26011,19.15,20.9,0.1586,-0.0531,
DATA,CPT_26011,19.16,20.66,0.1581,-0.0533,
DATA,CPT_26011,19.17,20.37,0.1573,-0.0538,
DATA,CPT_26011,19.18,19.82,0.1602,-0.0536,
DATA,CPT_26011,19.19,19.82,0.1602,-0.0536,
DATA,CPT_26011,19.2,19.43,0.1625,-0.0534,
DATA,CPT_26011,19.21,19.41,0.1617,-0.0539,
DATA,CPT_26011,19.22,19.36,0.1605,-0.0535,
DATA,CPT_26011,19.23,19.34,0.1598,-0.0536,
DATA,CPT_26011,19.24,19.34,0.1588,-0.0533,
DATA,CPT_26011,19.25,19.34,0.1576,-0.0532,
DATA,CPT_26011,19.26,19.42,0.1569,-0.0528,
DATA,CPT_26011,19.27,19.53,0.1562,-0.0525,
DATA,CPT_26011,19.28,19.78,0.155,-0.0516,
DATA,CPT_26011,19.29,19.92,0.1546,-0.0512,
DATA,CPT_26011,19.3,20.08,0.1547,-0.051,
DATA,CPT_26011,19.31,20.21,0.1578,-0.0505,
DATA,CPT_26011,19.32,20.42,0.1595,-0.05,
DATA,CPT_26011,19.33,20.62,0.1601,-0.0498,
DATA,CPT_26011,19.34,20.74,0.1608,-0.0498,
DATA,CPT_26011,19.35,20.74,0.1621,-0.0493,
DATA,CPT_26011,19.36,20.74,0.1634,-0.0492,
DATA,CPT_26011,19.37,20.51,0.1679,-0.0485,
DATA,CPT_26011,19.38,20.39,0.1684,-0.0485,
DATA,CPT_26011,19.39,20.3,0.1679,-0.0487,
DATA,CPT_26011,19.4,20.23,0.1684,-0.0486,
DATA,CPT_26011,19.41,20.12,0.1685,-0.0483,
DATA,CPT_26011,19.42,19.94,0.1695,-0.048,
DATA,CPT_26011,19.43,19.77,0.1709,-0.0479,
DATA,CPT_26011,19.44,19.52,0.1717,-0.0477,
DATA,CPT_26011,19.45,19.31,0.1728,-0.0472,
DATA,CPT_26011,19.46,18.96,0.172,-0.0475,
DATA,CPT_26011,19.47,18.7,0.1716,-0.047,
DATA,CPT_26011,19.48,18.39,0.1709,-0.0465,
DATA,CPT_26011,19.49,18.2,0.1687,-0.0467,
DATA,CPT_26011,19.5,18.01,0.1678,-0.0465,
DATA,CPT_26011,19.51,17.91,0.1668,-0.046,
DATA,CPT_26011,19.52,17.89,0.1648,-0.0455,
DATA,CPT_26011,19.53,17.91,0.1632,-0.0453,
DATA,CPT_26011,19.54,17.89,0.1627,-0.0445,
DATA,CPT_26011,19.55,17.91,0.1639,-0.0436,
DATA,CPT_26011,19.56,17.95,0.1639,-0.043,
DATA,CPT_26011,19.57,18.07,0.1631,-0.0428,
DATA,CPT_26011,19.58,18.22,0.1623,-0.0425,
DATA,CPT_26011,19.59,18.32,0.1625,-0.0416,
DATA,CPT_26011,19.6,18.37,0.1633,-0.0407,
DATA,CPT_26011,19.61,18.39,0.1634,-0.0407,
DATA,CPT_26011,19.62,18.48,0.165,-0.0394,
DATA,CPT_26011,19.63,18.55,0.1658,-0.0387,
DATA,CPT_26011,19.64,18.64,0.1661,-0.0386,
DATA,CPT_26011,19.65,18.59,0.1662,-0.0383,
DATA,CPT_26011,19.66,18.68,0.1675,-0.0376,
DATA,CPT_26011,19.67,18.64,0.1688,-0.0365,
DATA,CPT_26011,19.68,18.65,0.1702,-0.0363,
DATA,CPT_26011,19.69,18.58,0.1705,-0.0359,
DATA,CPT_26011,19.7,18.58,0.1697,-0.0359,
DATA,CPT_26011,19.71,18.64,0.1727,-0.0343,
DATA,CPT_26011,19.72,18.71,0.1728,-0.0339,
DATA,CPT_26011,19.73,18.81,0.1733,-0.0333,
DATA,CPT_26011,19.74,18.79,0.1742,-0.0327,
DATA,CPT_26011,19.75,18.85,0.1755,-0.0322,
DATA,CPT_26011,19.76,18.86,0.1748,-0.0319,
DATA,CPT_26011,19.77,18.84,0.1753,-0.0315,
DATA,CPT_26011,19.78,18.81,0.1764,-0.0308,
DATA,CPT_26011,19.79,18.86,0.1765,-0.0305,
DATA,CPT_26011,19.8,18.89,0.1784,-0.0297,
DATA,CPT_26011,19.81,18.95,0.1795,-0.0292,
DATA,CPT_26011,19.82,19.04,0.1794,-0.0287,
DATA,CPT_26011,19.83,19.13,0.1794,-0.0282,
DATA,CPT_26011,19.84,19.27,0.1786,-0.0281,
DATA,CPT_26011,19.85,19.39,0.1781,-0.0279,
DATA,CPT_26011,19.86,19.39,0.1781,-0.0279,
DATA,CPT_26011,19.87,19.39,0.1781,-0.0279,
DATA,CPT_26011,19.88,19.79,0.1593,0.061,
DATA,CPT_26011,19.89,20.11,0.1589,0.0587,
DATA,CPT_26011,19.9,20.36,0.1613,0.0535,
DATA,CPT_26011,19.91,20.76,0.1641,0.0426,
DATA,CPT_26011,19.92,20.87,0.1669,0.0387,
DATA,CPT_26011,19.93,21.01,0.1703,0.0344,
DATA,CPT_26011,19.94,21.13,0.1713,0.0304,
DATA,CPT_26011,19.95,21.29,0.1721,0.0239,
DATA,CPT_26011,19.96,21.45,0.1745,0.0187,
DATA,CPT_26011,19.97,21.55,0.178,0.0143,
DATA,CPT_26011,19.98,21.71,0.183,0.0034,
DATA,CPT_26011,19.99,21.8,0.1836,-0.0023,
DATA,CPT_26011,2,5.69,0.049,0.0101,
DATA,CPT_26011,2.01,5.83,0.0498,0.0103,
DATA,CPT_26011,2.02,5.85,0.0503,0.0104,
DATA,CPT_26011,2.03,5.87,0.0506,0.0105,
DATA,CPT_26011,2.04,5.88,0.0509,0.0106,
DATA,CPT_26011,2.05,5.87,0.0514,0.0107,
DATA,CPT_26011,2.06,5.86,0.0519,0.0108,
DATA,CPT_26011,2.07,5.86,0.0525,0.0109,
DATA,CPT_26011,2.08,5.86,0.0529,0.011,
DATA,CPT_26011,2.09,5.87,0.0537,0.0111,
DATA,CPT_26011,2.1,5.86,0.0542,0.0112,
DATA,CPT_26011,2.11,5.83,0.0544,0.0111,
DATA,CPT_26011,2.12,5.79,0.0545,0.0112,
DATA,CPT_26011,2.13,5.74,0.0547,0.0113,
DATA,CPT_26011,2.14,5.71,0.0548,0.0114,
DATA,CPT_26011,2.15,5.71,0.0548,0.0115,
DATA,CPT_26011,2.16,5.72,0.0548,0.0117,
DATA,CPT_26011,2.17,5.73,0.0549,0.0118,
DATA,CPT_26011,2.18,5.77,0.055,0.0119,
DATA,CPT_26011,2.19,5.8,0.055,0.0121,
DATA,CPT_26011,2.2,5.83,0.0551,0.0122,
DATA,CPT_26011,2.21,5.87,0.0553,0.0123,
DATA,CPT_26011,2.22,5.92,0.0553,0.0124,
DATA,CPT_26011,2.23,5.97,0.0553,0.0125,
DATA,CPT_26011,2.24,6.02,0.0553,0.0126,
DATA,CPT_26011,2.25,6.03,0.0552,0.0126,
DATA,CPT_26011,2.26,5.97,0.0551,0.0126,
DATA,CPT_26011,2.27,5.88,0.0549,0.0126,
DATA,CPT_26011,2.28,5.79,0.0545,0.0126,
DATA,CPT_26011,2.29,5.68,0.0543,0.0127,
DATA,CPT_26011,2.3,5.59,0.0543,0.0129,
DATA,CPT_26011,2.31,5.51,0.0545,0.013,
DATA,CPT_26011,2.32,5.45,0.0545,0.0131,
DATA,CPT_26011,2.33,5.41,0.0546,0.0132,
DATA,CPT_26011,2.34,5.36,0.0547,0.0132,
DATA,CPT_26011,2.35,5.33,0.0546,0.0133,
DATA,CPT_26011,2.36,5.26,0.0544,0.0134,
DATA,CPT_26011,2.37,5.24,0.0543,0.0135,
DATA,CPT_26011,2.38,5.22,0.0541,0.0136,
DATA,CPT_26011,2.39,5.21,0.0539,0.0136,
DATA,CPT_26011,2.4,5.21,0.0538,0.0137,
DATA,CPT_26011,2.41,5.2,0.0536,0.0138,
DATA,CPT_26011,2.42,5.21,0.0535,0.0139,
DATA,CPT_26011,2.43,5.22,0.0533,0.014,
DATA,CPT_26011,2.44,5.24,0.0531,0.014,
DATA,CPT_26011,2.45,5.29,0.0527,0.014,
DATA,CPT_26011,2.46,5.29,0.0523,0.0139,
DATA,CPT_26011,2.47,5.22,0.0517,0.0138,
DATA,CPT_26011,2.48,5.12,0.0514,0.0139,
DATA,CPT_26011,2.49,5.01,0.0508,0.014,
DATA,CPT_26011,2.5,4.9,0.0506,0.0142,
DATA,CPT_26011,2.51,4.76,0.0506,0.0143,
DATA,CPT_26011,2.52,4.63,0.0507,0.0144,
DATA,CPT_26011,2.53,4.52,0.0508,0.0146,
DATA,CPT_26011,2.54,4.43,0.0512,0.0149,
DATA,CPT_26011,2.55,4.43,0.0512,0.0149,
DATA,CPT_26011,2.56,4.55,0.0519,0.0148,
DATA,CPT_26011,2.57,4.66,0.0523,0.0146,
DATA,CPT_26011,2.58,4.8,0.0528,0.0143,
DATA,CPT_26011,2.59,4.95,0.0531,0.0138,
DATA,CPT_26011,2.6,5.07,0.0532,0.0128,
DATA,CPT_26011,2.61,5.19,0.0532,0.0113,
DATA,CPT_26011,2.62,5.31,0.0531,0.0105,
DATA,CPT_26011,2.63,5.43,0.0528,0.0112,
DATA,CPT_26011,2.64,5.56,0.0524,0.0127,
DATA,CPT_26011,2.65,5.83,0.0515,0.0152,
DATA,CPT_26011,2.66,5.96,0.0514,0.0158,
DATA,CPT_26011,2.67,6.09,0.0513,0.0162,
DATA,CPT_26011,2.68,6.2,0.0511,0.0164,
DATA,CPT_26011,2.69,6.29,0.0511,0.0167,
DATA,CPT_26011,2.7,6.38,0.0514,0.0169,
DATA,CPT_26011,2.71,6.46,0.0516,0.0171,
DATA,CPT_26011,2.72,6.53,0.0521,0.0173,
DATA,CPT_26011,2.73,6.62,0.0524,0.0177,
DATA,CPT_26011,2.74,6.63,0.0527,0.0178,
DATA,CPT_26011,2.75,6.63,0.0534,0.018,
DATA,CPT_26011,2.76,6.678,0.0531,0.0182,
DATA,CPT_26011,2.77,6.727,0.0527,0.0185,
DATA,CPT_26011,2.78,6.775,0.0524,0.0187,
DATA,CPT_26011,2.79,6.823,0.052,0.019,
DATA,CPT_26011,2.8,6.872,0.0517,0.0192,
DATA,CPT_26011,2.81,6.92,0.0514,0.0194,
DATA,CPT_26011,2.82,7.09,0.0529,0.0196,
DATA,CPT_26011,2.83,7.25,0.0543,0.0197,
DATA,CPT_26011,2.84,7.42,0.0555,0.0198,
DATA,CPT_26011,2.85,7.56,0.0564,0.0199,
DATA,CPT_26011,2.86,7.67,0.0572,0.02,
DATA,CPT_26011,2.87,7.76,0.0578,0.0202,
DATA,CPT_26011,2.88,7.82,0.058,0.0203,
DATA,CPT_26011,2.89,7.85,0.0594,0.0207,
DATA,CPT_26011,2.9,7.86,0.0601,0.0209,
DATA,CPT_26011,2.91,7.89,0.0615,0.0211,
DATA,CPT_26011,2.92,7.97,0.0632,0.0213,
DATA,CPT_26011,2.93,8.08,0.065,0.0215,
DATA,CPT_26011,2.94,8.2,0.0667,0.0214,
DATA,CPT_26011,2.95,8.3,0.0679,0.0215,
DATA,CPT_26011,2.96,8.35,0.0688,0.0216,
DATA,CPT_26011,2.97,8.41,0.071,0.0218,
DATA,CPT_26011,2.98,8.42,0.0721,0.022,
DATA,CPT_26011,2.99,8.46,0.0731,0.0222,
DATA,CPT_26011,20,21.79,0.1832,-0.0051,
DATA,CPT_26011,3,8.54,0.0741,0.0223,
DATA,CPT_26011,3.01,8.7,0.076,0.0225,
DATA,CPT_26011,3.02,8.77,0.0769,0.0225,
DATA,CPT_26011,3.03,8.84,0.0779,0.0226,
DATA,CPT_26011,3.04,8.91,0.0789,0.0228,
DATA,CPT_26011,3.05,9.05,0.0807,0.0231,
DATA,CPT_26011,3.06,9.15,0.0815,0.0233,
DATA,CPT_26011,3.07,9.21,0.0823,0.0233,
DATA,CPT_26011,3.08,9.27,0.0829,0.0234,
DATA,CPT_26011,3.09,9.32,0.0841,0.0237,
DATA,CPT_26011,3.1,9.39,0.0845,0.0237,
DATA,CPT_26011,3.11,9.51,0.0855,0.024,
DATA,CPT_26011,3.12,9.68,0.0862,0.0235,
DATA,CPT_26011,3.13,9.88,0.0867,0.0235,
DATA,CPT_26011,3.14,10.07,0.0867,0.0235,
DATA,CPT_26011,3.15,10.29,0.0864,0.0236,
DATA,CPT_26011,3.16,10.39,0.0862,0.0237,
DATA,CPT_26011,3.17,10.46,0.0866,0.0237,
DATA,CPT_26011,3.18,10.49,0.0875,0.024,
DATA,CPT_26011,3.19,10.58,0.0882,0.0241,
DATA,CPT_26011,3.2,10.73,0.0887,0.0242,
DATA,CPT_26011,3.21,10.91,0.0892,0.0242,
DATA,CPT_26011,3.22,11.02,0.0897,0.0241,
DATA,CPT_26011,3.23,11.07,0.09,0.0241,
DATA,CPT_26011,3.24,10.83,0.0907,0.024,
DATA,CPT_26011,3.25,10.64,0.0911,0.024,
DATA,CPT_26011,3.26,10.47,0.0926,0.0243,
DATA,CPT_26011,3.27,10.38,0.095,0.0247,
DATA,CPT_26011,3.28,10.34,0.0969,0.025,
DATA,CPT_26011,3.29,10.38,0.0983,0.0251,
DATA,CPT_26011,3.3,10.47,0.0993,0.0251,
DATA,CPT_26011,3.31,10.59,0.1001,0.0251,
DATA,CPT_26011,3.32,10.69,0.1011,0.0252,
DATA,CPT_26011,3.33,10.81,0.1019,0.0249,
DATA,CPT_26011,3.34,10.83,0.1022,0.0248,
DATA,CPT_26011,3.35,10.81,0.1025,0.0248,
DATA,CPT_26011,3.36,10.74,0.1024,0.0247,
DATA,CPT_26011,3.37,10.65,0.102,0.0247,
DATA,CPT_26011,3.38,10.6,0.1014,0.0248,
DATA,CPT_26011,3.39,10.53,0.1011,0.0251,
DATA,CPT_26011,3.4,10.49,0.101,0.0252,
DATA,CPT_26011,3.41,10.47,0.1008,0.0254,
DATA,CPT_26011,3.42,10.48,0.1014,0.0257,
DATA,CPT_26011,3.43,10.413,0.0997,0.0256,
DATA,CPT_26011,3.44,10.345,0.0981,0.0256,
DATA,CPT_26011,3.45,10.278,0.0964,0.0256,
DATA,CPT_26011,3.46,10.21,0.0948,0.0256,
DATA,CPT_26011,3.47,10.24,0.0953,0.0255,
DATA,CPT_26011,3.48,10.31,0.0959,0.0254,
DATA,CPT_26011,3.49,10.5,0.097,0.0258,
DATA,CPT_26011,3.5,10.64,0.0971,0.0261,
DATA,CPT_26011,3.51,10.81,0.0966,0.0263,
DATA,CPT_26011,3.52,10.95,0.096,0.0261,
DATA,CPT_26011,3.53,11.05,0.0953,0.026,
DATA,CPT_26011,3.54,11.13,0.0948,0.026,
DATA,CPT_26011,3.55,11.17,0.0937,0.026,
DATA,CPT_26011,3.56,11.13,0.0934,0.0261,
DATA,CPT_26011,3.57,11.04,0.093,0.0262,
DATA,CPT_26011,3.58,10.93,0.0931,0.0263,
DATA,CPT_26011,3.59,10.82,0.0935,0.0265,
DATA,CPT_26011,3.6,10.73,0.0937,0.0267,
DATA,CPT_26011,3.61,10.62,0.094,0.0267,
DATA,CPT_26011,3.62,10.5,0.0964,0.027,
DATA,CPT_26011,3.63,10.51,0.0975,0.0271,
DATA,CPT_26011,3.64,10.56,0.0983,0.0272,
DATA,CPT_26011,3.65,10.58,0.0995,0.0271,
DATA,CPT_26011,3.66,10.59,0.1001,0.0242,
DATA,CPT_26011,3.67,10.56,0.1002,0.0241,
DATA,CPT_26011,3.68,10.45,0.0998,0.0237,
DATA,CPT_26011,3.69,10.25,0.0992,0.0231,
DATA,CPT_26011,3.7,9.93,0.0982,0.0228,
DATA,CPT_26011,3.71,9.5,0.0969,0.0226,
DATA,CPT_26011,3.72,8.72,0.0947,0.023,
DATA,CPT_26011,3.73,8.54,0.0943,0.0234,
DATA,CPT_26011,3.74,8.41,0.0935,0.0236,
DATA,CPT_26011,3.75,8.2,0.0932,0.023,
DATA,CPT_26011,3.76,7.83,0.0932,0.0226,
DATA,CPT_26011,3.77,7.83,0.0932,0.0226,
DATA,CPT_26011,3.78,7.83,0.0932,0.0226,
DATA,CPT_26011,3.79,7.438,0.0873,0.0232,
DATA,CPT_26011,3.8,7.045,0.0814,0.0239,
DATA,CPT_26011,3.81,6.653,0.0755,0.0245,
DATA,CPT_26011,3.82,6.26,0.0696,0.0251,
DATA,CPT_26011,3.83,6.07,0.067,0.0328,
DATA,CPT_26011,3.84,6.05,0.0657,0.0366,
DATA,CPT_26011,3.85,6.03,0.0644,0.0406,
DATA,CPT_26011,3.86,6.02,0.0633,0.0452,
DATA,CPT_26011,3.87,6.1,0.0623,0.0502,
DATA,CPT_26011,3.88,6.3,0.0614,0.0543,
DATA,CPT_26011,3.89,6.52,0.0606,0.0566,
DATA,CPT_26011,3.9,6.73,0.0595,0.0532,
DATA,CPT_26011,3.91,6.9,0.0582,0.0452,
DATA,CPT_26011,3.92,7.01,0.0572,0.0369,
DATA,CPT_26011,3.93,7.09,0.0568,0.0309,
DATA,CPT_26011,3.94,7.14,0.0564,0.0289,
DATA,CPT_26011,3.95,7.21,0.0554,0.029,
DATA,CPT_26011,3.96,7.21,0.0554,0.029,
DATA,CPT_26011,3.97,7.23,0.0558,0.0294,
DATA,CPT_26011,3.98,7.21,0.0557,0.0294,
DATA,CPT_26011,3.99,7.16,0.0556,0.0295,
DATA,CPT_26011,4,7.03,0.0559,0.0297,
DATA,CPT_26011,4.01,6.87,0.0561,0.0298,
DATA,CPT_26011,4.02,6.7,0.0569,0.03,
DATA,CPT_26011,4.03,6.53,0.0577,0.0301,
DATA,CPT_26011,4.04,6.37,0.0587,0.0302,
DATA,CPT_26011,4.05,6.23,0.0597,0.0304,
DATA,CPT_26011,4.06,6.11,0.0611,0.0305,
DATA,CPT_26011,4.07,6.01,0.0627,0.0305,
DATA,CPT_26011,4.08,5.87,0.0656,0.0309,
DATA,CPT_26011,4.09,5.81,0.0665,0.0309,
DATA,CPT_26011,4.1,5.74,0.0669,0.0309,
DATA,CPT_26011,4.11,5.67,0.0669,0.0312,
DATA,CPT_26011,4.12,5.61,0.067,0.0312,
DATA,CPT_26011,4.13,5.56,0.0667,0.0314,
DATA,CPT_26011,4.14,5.53,0.0666,0.0316,
DATA,CPT_26011,4.15,5.51,0.0662,0.0318,
DATA,CPT_26011,4.16,5.49,0.0658,0.0319,
DATA,CPT_26011,4.17,5.49,0.0652,0.0319,
DATA,CPT_26011,4.18,5.49,0.0646,0.032,
DATA,CPT_26011,4.19,5.48,0.0641,0.032,
DATA,CPT_26011,4.2,5.49,0.0637,0.0321,
DATA,CPT_26011,4.21,5.52,0.0627,0.0322,
DATA,CPT_26011,4.22,5.53,0.0622,0.0322,
DATA,CPT_26011,4.23,5.54,0.0616,0.0324,
DATA,CPT_26011,4.24,5.56,0.0606,0.0326,
DATA,CPT_26011,4.25,5.61,0.0594,0.0327,
DATA,CPT_26011,4.26,5.67,0.0578,0.0327,
DATA,CPT_26011,4.27,5.71,0.0562,0.0327,
DATA,CPT_26011,4.28,5.73,0.0556,0.0327,
DATA,CPT_26011,4.29,5.77,0.0553,0.0329,
DATA,CPT_26011,4.3,5.82,0.0552,0.033,
DATA,CPT_26011,4.31,5.88,0.0551,0.0331,
DATA,CPT_26011,4.32,6.03,0.0554,0.0336,
DATA,CPT_26011,4.33,6.13,0.0556,0.0337,
DATA,CPT_26011,4.34,6.25,0.0556,0.0339,
DATA,CPT_26011,4.35,6.39,0.0556,0.0342,
DATA,CPT_26011,4.36,6.57,0.0557,0.0344,
DATA,CPT_26011,4.37,6.81,0.0559,0.0348,
DATA,CPT_26011,4.38,7.12,0.0561,0.035,
DATA,CPT_26011,4.39,7.49,0.0566,0.0352,
DATA,CPT_26011,4.4,7.89,0.0574,0.0355,
DATA,CPT_26011,4.41,8.29,0.0582,0.0356,
DATA,CPT_26011,4.42,8.98,0.0586,0.0359,
DATA,CPT_26011,4.43,9.25,0.0584,0.0361,
DATA,CPT_26011,4.44,9.76,0.0587,0.0367,
DATA,CPT_26011,4.45,9.98,0.0593,0.0369,
DATA,CPT_26011,4.46,10.19,0.06,0.0371,
DATA,CPT_26011,4.47,10.36,0.0612,0.0373,
DATA,CPT_26011,4.48,10.51,0.0632,0.0375,
DATA,CPT_26011,4.49,10.75,0.0678,0.0377,
DATA,CPT_26011,4.5,10.83,0.0704,0.0378,
DATA,CPT_26011,4.51,10.9,0.0731,0.0379,
DATA,CPT_26011,4.52,10.96,0.0758,0.038,
DATA,CPT_26011,4.53,11,0.0785,0.038,
DATA,CPT_26011,4.54,11.05,0.0807,0.038,
DATA,CPT_26011,4.55,11.09,0.083,0.0382,
DATA,CPT_26011,4.56,11.12,0.0858,0.0383,
DATA,CPT_26011,4.57,11.15,0.0884,0.0384,
DATA,CPT_26011,4.58,11.22,0.0926,0.0385,
DATA,CPT_26011,4.59,11.25,0.0942,0.0384,
DATA,CPT_26011,4.6,11.28,0.0958,0.0385,
DATA,CPT_26011,4.61,11.26,0.0979,0.0385,
DATA,CPT_26011,4.62,11.26,0.0996,0.0386,
DATA,CPT_26011,4.63,11.27,0.1009,0.0382,
DATA,CPT_26011,4.64,11.25,0.1022,0.0378,
DATA,CPT_26011,4.65,11.25,0.1039,0.0379,
DATA,CPT_26011,4.66,11.25,0.1056,0.038,
DATA,CPT_26011,4.67,11.28,0.1064,0.0382,
DATA,CPT_26011,4.68,11.28,0.1071,0.0383,
DATA,CPT_26011,4.69,11.27,0.1078,0.0384,
DATA,CPT_26011,4.7,11.27,0.1083,0.0385,
DATA,CPT_26011,4.71,11.28,0.1088,0.0385,
DATA,CPT_26011,4.72,11.3,0.109,0.0387,
DATA,CPT_26011,4.73,11.26,0.109,0.0386,
DATA,CPT_26011,4.74,11.22,0.109,0.0387,
DATA,CPT_26011,4.75,11.22,0.109,0.0387,
DATA,CPT_26011,4.76,11.22,0.109,0.0387,
DATA,CPT_26011,4.77,10.69,0.0943,0.0407,
DATA,CPT_26011,4.78,10.88,0.0945,0.0402,
DATA,CPT_26011,4.79,10.96,0.0965,0.0401,
DATA,CPT_26011,4.8,11.02,0.0978,0.0401,
DATA,CPT_26011,4.81,11.04,0.0989,0.0401,
DATA,CPT_26011,4.82,11.06,0.1002,0.0401,
DATA,CPT_26011,4.83,11.08,0.1016,0.0402,
DATA,CPT_26011,4.84,11.14,0.1025,0.0403,
DATA,CPT_26011,4.85,11.17,0.1033,0.0404,
DATA,CPT_26011,4.86,11.18,0.1034,0.0404,
DATA,CPT_26011,4.87,11.16,0.104,0.0403,
DATA,CPT_26011,4.88,11.15,0.1038,0.0403,
DATA,CPT_26011,4.89,11.11,0.1033,0.0403,
DATA,CPT_26011,4.9,11.05,0.1033,0.0404,
DATA,CPT_26011,4.91,10.95,0.1044,0.0406,
DATA,CPT_26011,4.92,10.92,0.1049,0.0409,
DATA,CPT_26011,4.93,10.92,0.1047,0.0409,
DATA,CPT_26011,4.94,10.89,0.1052,0.0409,
DATA,CPT_26011,4.95,10.91,0.1059,0.0411,
DATA,CPT_26011,4.96,10.92,0.1064,0.0414,
DATA,CPT_26011,4.97,10.98,0.1068,0.0416,
DATA,CPT_26011,4.98,11.12,0.1079,0.0421,
DATA,CPT_26011,4.99,11.21,0.1085,0.0424,
DATA,CPT_26011,5,11.33,0.1088,0.0426,
DATA,CPT_26011,5.01,11.45,0.1085,0.0428,
DATA,CPT_26011,5.02,11.57,0.1078,0.0429,
DATA,CPT_26011,5.03,11.7,0.1071,0.0428,
DATA,CPT_26011,5.04,11.79,0.1067,0.0429,
DATA,CPT_26011,5.05,11.87,0.1067,0.0426,
DATA,CPT_26011,5.06,11.96,0.1068,0.042,
DATA,CPT_26011,5.07,11.97,0.1071,0.0425,
DATA,CPT_26011,5.08,11.96,0.1075,0.0426,
DATA,CPT_26011,5.09,11.96,0.1075,0.0426,
DATA,CPT_26011,5.1,11.99,0.1074,0.0429,
DATA,CPT_26011,5.11,12.06,0.1075,0.0433,
DATA,CPT_26011,5.12,12.03,0.1079,0.0434,
DATA,CPT_26011,5.13,11.8,0.1085,0.043,
DATA,CPT_26011,5.14,11.69,0.1088,0.043,
DATA,CPT_26011,5.15,11.59,0.1094,0.043,
DATA,CPT_26011,5.16,11.52,0.1102,0.0432,
DATA,CPT_26011,5.17,11.45,0.1115,0.0434,
DATA,CPT_26011,5.18,11.32,0.1133,0.0434,
DATA,CPT_26011,5.19,11.27,0.1152,0.0433,
DATA,CPT_26011,5.2,11.22,0.1169,0.0432,
DATA,CPT_26011,5.21,11.22,0.1194,0.0431,
DATA,CPT_26011,5.22,11.24,0.1198,0.0434,
DATA,CPT_26011,5.23,11.27,0.1199,0.0437,
DATA,CPT_26011,5.24,11.33,0.1199,0.0439,
DATA,CPT_26011,5.25,11.39,0.1197,0.0439,
DATA,CPT_26011,5.26,11.46,0.1203,0.044,
DATA,CPT_26011,5.27,11.55,0.1203,0.0441,
DATA,CPT_26011,5.28,11.61,0.1204,0.0441,
DATA,CPT_26011,5.29,11.68,0.1205,0.0444,
DATA,CPT_26011,5.3,11.73,0.1208,0.0445,
DATA,CPT_26011,5.31,11.76,0.1203,0.0444,
DATA,CPT_26011,5.32,11.77,0.1197,0.0445,
DATA,CPT_26011,5.33,11.8,0.1193,0.0447,
DATA,CPT_26011,5.34,11.82,0.1192,0.045,
DATA,CPT_26011,5.35,11.88,0.1191,0.0453,
DATA,CPT_26011,5.36,11.94,0.1189,0.0454,
DATA,CPT_26011,5.37,12.01,0.1188,0.0456,
DATA,CPT_26011,5.38,12.12,0.1191,0.0458,
DATA,CPT_26011,5.39,12.28,0.1192,0.0461,
DATA,CPT_26011,5.4,12.46,0.1195,0.0463,
DATA,CPT_26011,5.41,12.62,0.1196,0.0464,
DATA,CPT_26011,5.42,12.99,0.1191,0.0469,
DATA,CPT_26011,5.43,13.18,0.1185,0.047,
DATA,CPT_26011,5.44,13.56,0.1176,0.0475,
DATA,CPT_26011,5.45,13.72,0.1172,0.0474,
DATA,CPT_26011,5.46,13.83,0.1176,0.0476,
DATA,CPT_26011,5.47,13.98,0.119,0.0477,
DATA,CPT_26011,5.48,14.13,0.1201,0.0478,
DATA,CPT_26011,5.49,14.27,0.1213,0.0479,
DATA,CPT_26011,5.5,14.51,0.1233,0.048,
DATA,CPT_26011,5.51,14.64,0.1242,0.0481,
DATA,CPT_26011,5.52,14.78,0.1247,0.0481,
DATA,CPT_26011,5.53,14.92,0.1256,0.0481,
DATA,CPT_26011,5.54,15.03,0.127,0.0479,
DATA,CPT_26011,5.55,15.16,0.1288,0.0481,
DATA,CPT_26011,5.56,15.26,0.131,0.0478,
DATA,CPT_26011,5.57,15.33,0.1329,0.0477,
DATA,CPT_26011,5.58,15.37,0.1355,0.0471,
DATA,CPT_26011,5.59,15.43,0.1378,0.0462,
DATA,CPT_26011,5.6,15.49,0.1401,0.046,
DATA,CPT_26011,5.61,15.51,0.1428,0.0456,
DATA,CPT_26011,5.62,15.52,0.1444,0.0455,
DATA,CPT_26011,5.63,15.5,0.1461,0.0455,
DATA,CPT_26011,5.64,15.5,0.1477,0.0453,
DATA,CPT_26011,5.65,15.51,0.1492,0.0453,
DATA,CPT_26011,5.66,15.53,0.1493,0.0438,
DATA,CPT_26011,5.67,15.59,0.1505,0.0434,
DATA,CPT_26011,5.68,15.6,0.1523,0.0438,
DATA,CPT_26011,5.69,15.64,0.155,0.0444,
DATA,CPT_26011,5.7,15.69,0.1595,0.0445,
DATA,CPT_26011,5.71,15.576,0.1586,0.0445,
DATA,CPT_26011,5.72,15.463,0.1576,0.0445,
DATA,CPT_26011,5.73,15.349,0.1567,0.0444,
DATA,CPT_26011,5.74,15.235,0.1558,0.0444,
DATA,CPT_26011,5.75,15.121,0.1549,0.0444,
DATA,CPT_26011,5.76,15.008,0.154,0.0443,
DATA,CPT_26011,5.77,14.894,0.153,0.0443,
DATA,CPT_26011,5.78,14.78,0.1521,0.0443,
DATA,CPT_26011,5.79,14.7,0.1536,0.0442,
DATA,CPT_26011,5.8,14.67,0.1556,0.0441,
DATA,CPT_26011,5.81,14.62,0.1575,0.0443,
DATA,CPT_26011,5.82,14.53,0.1578,0.0444,
DATA,CPT_26011,5.83,14.4,0.1591,0.0452,
DATA,CPT_26011,5.84,14.4,0.1591,0.0452,
DATA,CPT_26011,5.85,14.47,0.1598,0.0457,
DATA,CPT_26011,5.86,14.53,0.1615,0.0462,
DATA,CPT_26011,5.87,14.61,0.1608,0.0468,
DATA,CPT_26011,5.88,14.7,0.1599,0.0471,
DATA,CPT_26011,5.89,14.79,0.1592,0.047,
DATA,CPT_26011,5.9,14.87,0.1602,0.0473,
DATA,CPT_26011,5.91,14.97,0.1606,0.0478,
DATA,CPT_26011,5.92,15.06,0.1602,0.0479,
DATA,CPT_26011,5.93,15.17,0.1603,0.0482,
DATA,CPT_26011,5.94,15.16,0.1599,0.048,
DATA,CPT_26011,5.95,15.15,0.1606,0.0478,
DATA,CPT_26011,5.96,15.12,0.1613,0.0477,
DATA,CPT_26011,5.97,15.09,0.1616,0.0473,
DATA,CPT_26011,5.98,15.05,0.163,0.0471,
DATA,CPT_26011,5.99,14.99,0.1637,0.047,
DATA,CPT_26011,6,14.95,0.1646,0.047,
DATA,CPT_26011,6.01,14.96,0.1658,0.0467,
DATA,CPT_26011,6.02,14.97,0.1669,0.0469,
DATA,CPT_26011,6.03,15.06,0.1704,0.0478,
DATA,CPT_26011,6.04,15.11,0.1722,0.048,
DATA,CPT_26011,6.05,15.2,0.1727,0.0481,
DATA,CPT_26011,6.06,15.32,0.1725,0.0481,
DATA,CPT_26011,6.07,15.45,0.1732,0.0481,
DATA,CPT_26011,6.08,15.57,0.1734,0.048,
DATA,CPT_26011,6.09,15.64,0.1742,0.048,
DATA,CPT_26011,6.1,15.72,0.1743,0.0477,
DATA,CPT_26011,6.11,15.71,0.1742,0.0482,
DATA,CPT_26011,6.12,15.67,0.1742,0.0476,
DATA,CPT_26011,6.13,15.62,0.1733,0.0471,
DATA,CPT_26011,6.14,15.63,0.1731,0.0473,
DATA,CPT_26011,6.15,15.63,0.1726,0.0479,
DATA,CPT_26011,6.16,15.68,0.1716,0.048,
DATA,CPT_26011,6.17,15.76,0.1723,0.0474,
DATA,CPT_26011,6.18,15.84,0.173,0.0478,
DATA,CPT_26011,6.19,15.94,0.1735,0.0479,
DATA,CPT_26011,6.2,16.02,0.1745,0.0479,
DATA,CPT_26011,6.21,16.12,0.1743,0.0485,
DATA,CPT_26011,6.22,16.31,0.1737,0.0489,
DATA,CPT_26011,6.23,16.43,0.173,0.0492,
DATA,CPT_26011,6.24,16.54,0.1723,0.0495,
DATA,CPT_26011,6.25,16.66,0.1713,0.0495,
DATA,CPT_26011,6.26,16.79,0.1706,0.0498,
DATA,CPT_26011,6.27,16.93,0.17,0.05,
DATA,CPT_26011,6.28,17.06,0.1695,0.0491,
DATA,CPT_26011,6.29,17.18,0.1688,0.0487,
DATA,CPT_26011,6.3,17.26,0.1692,0.0488,
DATA,CPT_26011,6.31,17.45,0.1679,0.0472,
DATA,CPT_26011,6.32,17.56,0.1681,0.0471,
DATA,CPT_26011,6.33,17.67,0.1682,0.0462,
DATA,CPT_26011,6.34,17.75,0.1693,0.0458,
DATA,CPT_26011,6.35,17.86,0.1704,0.0445,
DATA,CPT_26011,6.36,17.94,0.1724,0.0441,
DATA,CPT_26011,6.37,18.02,0.175,0.0439,
DATA,CPT_26011,6.38,18.1,0.1771,0.0435,
DATA,CPT_26011,6.39,18.18,0.18,0.0432,
DATA,CPT_26011,6.4,18.32,0.183,0.0391,
DATA,CPT_26011,6.41,18.34,0.1856,0.0387,
DATA,CPT_26011,6.42,18.37,0.188,0.0381,
DATA,CPT_26011,6.43,18.45,0.1905,0.0339,
DATA,CPT_26011,6.44,18.5,0.1941,0.0339,
DATA,CPT_26011,6.45,18.57,0.195,0.0323,
DATA,CPT_26011,6.46,18.59,0.197,0.0321,
DATA,CPT_26011,6.47,18.6,0.1998,0.0314,
DATA,CPT_26011,6.48,18.64,0.2011,0.0313,
DATA,CPT_26011,6.49,18.74,0.2034,0.0308,
DATA,CPT_26011,6.5,18.86,0.2048,0.0292,
DATA,CPT_26011,6.51,18.96,0.206,0.0299,
DATA,CPT_26011,6.52,19.05,0.2064,0.0284,
DATA,CPT_26011,6.53,19.12,0.2073,0.0267,
DATA,CPT_26011,6.54,19.13,0.2076,0.027,
DATA,CPT_26011,6.55,19.14,0.2082,0.0244,
DATA,CPT_26011,6.56,19.15,0.2073,0.0244,
DATA,CPT_26011,6.57,19.13,0.2052,0.026,
DATA,CPT_26011,6.58,19.06,0.204,0.0261,
DATA,CPT_26011,6.59,18.95,0.203,0.0248,
DATA,CPT_26011,6.6,18.88,0.2019,0.0245,
DATA,CPT_26011,6.61,18.76,0.2005,0.0248,
DATA,CPT_26011,6.62,18.61,0.1989,0.0251,
DATA,CPT_26011,6.63,18.43,0.1973,0.025,
DATA,CPT_26011,6.64,18.33,0.1951,0.0256,
DATA,CPT_26011,6.65,18.15,0.1927,0.0247,
DATA,CPT_26011,6.66,17.61,0.1873,0.0237,
DATA,CPT_26011,6.67,17.32,0.1858,0.023,
DATA,CPT_26011,6.68,17.02,0.1848,0.0235,
DATA,CPT_26011,6.69,16.77,0.1846,0.0242,
DATA,CPT_26011,6.7,16.52,0.1838,0.0245,
DATA,CPT_26011,6.71,16.27,0.183,0.0254,
DATA,CPT_26011,6.72,16.01,0.1823,0.0252,
DATA,CPT_26011,6.73,15.77,0.1809,0.0259,
DATA,CPT_26011,6.74,15.77,0.1809,0.0259,
DATA,CPT_26011,6.75,15.77,0.1809,0.0259,
DATA,CPT_26011,6.76,14.43,0.1598,0.0543,
DATA,CPT_26011,6.77,14.41,0.1561,0.0498,
DATA,CPT_26011,6.78,14.26,0.1551,0.0477,
DATA,CPT_26011,6.79,14.08,0.1541,0.0463,
DATA,CPT_26011,6.8,13.9,0.1529,0.0448,
DATA,CPT_26011,6.81,13.75,0.1522,0.0441,
DATA,CPT_26011,6.82,13.54,0.1506,0.0436,
DATA,CPT_26011,6.83,13.35,0.1501,0.0435,
DATA,CPT_26011,6.84,13.2,0.1509,0.0438,
DATA,CPT_26011,6.85,13.03,0.151,0.0442,
DATA,CPT_26011,6.86,12.9,0.1523,0.0447,
DATA,CPT_26011,6.87,12.72,0.1539,0.0467,
DATA,CPT_26011,6.88,12.73,0.1537,0.0479,
DATA,CPT_26011,6.89,12.83,0.1555,0.0497,
DATA,CPT_26011,6.9,13.02,0.1568,0.0513,
DATA,CPT_26011,6.91,13.26,0.1558,0.0528,
DATA,CPT_26011,6.92,13.43,0.1545,0.0539,
DATA,CPT_26011,6.93,13.54,0.1538,0.0546,
DATA,CPT_26011,6.94,13.6,0.1532,0.0547,
DATA,CPT_26011,6.95,13.59,0.1526,0.0546,
DATA,CPT_26011,6.96,13.47,0.1497,0.0535,
DATA,CPT_26011,6.97,13.35,0.1467,0.0531,
DATA,CPT_26011,6.98,13.16,0.1438,0.0527,
DATA,CPT_26011,6.99,12.94,0.1407,0.0522,
DATA,CPT_26011,7,12.73,0.1387,0.052,
DATA,CPT_26011,7.01,12.58,0.1373,0.0521,
DATA,CPT_26011,7.02,12.49,0.136,0.0526,
DATA,CPT_26011,7.03,12.45,0.1353,0.0531,
DATA,CPT_26011,7.04,12.43,0.1348,0.0539,
DATA,CPT_26011,7.05,12.5,0.1335,0.0549,
DATA,CPT_26011,7.06,12.75,0.1322,0.0575,
DATA,CPT_26011,7.07,12.94,0.1313,0.0583,
DATA,CPT_26011,7.08,13.1,0.1303,0.0588,
DATA,CPT_26011,7.09,13.19,0.1291,0.0592,
DATA,CPT_26011,7.1,13.21,0.128,0.0592,
DATA,CPT_26011,7.11,13.17,0.1264,0.0593,
DATA,CPT_26011,7.12,13.13,0.1255,0.0596,
DATA,CPT_26011,7.13,13.12,0.1254,0.06,
DATA,CPT_26011,7.14,13.16,0.1252,0.0603,
DATA,CPT_26011,7.15,13.24,0.1242,0.0609,
DATA,CPT_26011,7.16,13.3,0.1244,0.0614,
DATA,CPT_26011,7.17,13.339,0.123,0.0609,
DATA,CPT_26011,7.18,13.378,0.1216,0.0604,
DATA,CPT_26011,7.19,13.416,0.1203,0.0598,
DATA,CPT_26011,7.2,13.455,0.1189,0.0593,
DATA,CPT_26011,7.21,13.494,0.1175,0.0588,
DATA,CPT_26011,7.22,13.533,0.1161,0.0583,
DATA,CPT_26011,7.23,13.571,0.1148,0.0578,
DATA,CPT_26011,7.24,13.61,0.1134,0.0572,
DATA,CPT_26011,7.25,13.62,0.1153,0.0568,
DATA,CPT_26011,7.26,13.67,0.1167,0.0569,
DATA,CPT_26011,7.27,13.74,0.1178,0.0572,
DATA,CPT_26011,7.28,13.85,0.119,0.0576,
DATA,CPT_26011,7.29,14,0.1202,0.0578,
DATA,CPT_26011,7.3,14.1,0.1212,0.0578,
DATA,CPT_26011,7.31,14.19,0.1225,0.0579,
DATA,CPT_26011,7.32,14.39,0.1234,0.0583,
DATA,CPT_26011,7.33,14.51,0.1233,0.0583,
DATA,CPT_26011,7.34,14.62,0.1241,0.058,
DATA,CPT_26011,7.35,14.65,0.1242,0.0582,
DATA,CPT_26011,7.36,14.66,0.1245,0.0577,
DATA,CPT_26011,7.37,14.63,0.1245,0.0576,
DATA,CPT_26011,7.38,14.55,0.125,0.0576,
DATA,CPT_26011,7.39,14.43,0.1256,0.0576,
DATA,CPT_26011,7.4,14.13,0.1273,0.0573,
DATA,CPT_26011,7.41,13.96,0.129,0.0573,
DATA,CPT_26011,7.42,13.83,0.1309,0.0574,
DATA,CPT_26011,7.43,13.8,0.1333,0.0582,
DATA,CPT_26011,7.44,13.88,0.1353,0.0593,
DATA,CPT_26011,7.45,14.02,0.1373,0.0601,
DATA,CPT_26011,7.46,14.27,0.1395,0.0609,
DATA,CPT_26011,7.47,15.05,0.1417,0.0616,
DATA,CPT_26011,7.48,15.18,0.1414,0.0614,
DATA,CPT_26011,7.49,15.62,0.1407,0.0615,
DATA,CPT_26011,7.5,15.79,0.1399,0.0612,
DATA,CPT_26011,7.51,15.89,0.1389,0.0607,
DATA,CPT_26011,7.52,15.94,0.1381,0.0607,
DATA,CPT_26011,7.53,15.96,0.1364,0.06,
DATA,CPT_26011,7.54,15.94,0.1354,0.0599,
DATA,CPT_26011,7.55,15.89,0.1348,0.0597,
DATA,CPT_26011,7.56,15.79,0.1345,0.0589,
DATA,CPT_26011,7.57,15.81,0.1351,0.0588,
DATA,CPT_26011,7.58,15.78,0.1358,0.0591,
DATA,CPT_26011,7.59,15.73,0.1361,0.0586,
DATA,CPT_26011,7.6,15.77,0.1383,0.059,
DATA,CPT_26011,7.61,15.88,0.1419,0.0601,
DATA,CPT_26011,7.62,16.07,0.1451,0.0604,
DATA,CPT_26011,7.63,16.45,0.147,0.06,
DATA,CPT_26011,7.64,16.57,0.1476,0.0601,
DATA,CPT_26011,7.65,16.64,0.1478,0.06,
DATA,CPT_26011,7.66,16.67,0.1477,0.0597,
DATA,CPT_26011,7.67,16.63,0.1478,0.0593,
DATA,CPT_26011,7.68,16.62,0.1477,0.0585,
DATA,CPT_26011,7.69,16.5,0.1477,0.0586,
DATA,CPT_26011,7.7,16.45,0.1491,0.0585,
DATA,CPT_26011,7.71,16.38,0.1493,0.0581,
DATA,CPT_26011,7.72,16.3,0.1493,0.0577,
DATA,CPT_26011,7.73,16.21,0.1494,0.0579,
DATA,CPT_26011,7.74,16.16,0.1498,0.0583,
DATA,CPT_26011,7.75,16.061,0.1479,0.0586,
DATA,CPT_26011,7.76,15.963,0.146,0.0588,
DATA,CPT_26011,7.77,15.864,0.1441,0.0591,
DATA,CPT_26011,7.78,15.765,0.1422,0.0593,
DATA,CPT_26011,7.79,15.666,0.1403,0.0596,
DATA,CPT_26011,7.8,15.568,0.1384,0.0598,
DATA,CPT_26011,7.81,15.469,0.1365,0.0601,
DATA,CPT_26011,7.82,15.37,0.1346,0.0603,
DATA,CPT_26011,7.83,15.34,0.134,0.0608,
DATA,CPT_26011,7.84,15.33,0.134,0.0609,
DATA,CPT_26011,7.85,15.29,0.1344,0.0603,
DATA,CPT_26011,7.86,15.21,0.1341,0.0601,
DATA,CPT_26011,7.87,15.14,0.1335,0.0602,
DATA,CPT_26011,7.88,14.93,0.1318,0.0606,
DATA,CPT_26011,7.89,14.83,0.1315,0.0605,
DATA,CPT_26011,7.9,14.71,0.1313,0.0611,
DATA,CPT_26011,7.91,14.57,0.1317,0.0612,
DATA,CPT_26011,7.92,14.41,0.1316,0.0609,
DATA,CPT_26011,7.93,14.26,0.1316,0.0609,
DATA,CPT_26011,7.94,14.1,0.1324,0.061,
DATA,CPT_26011,7.95,14.04,0.1341,0.0624,
DATA,CPT_26011,7.96,14.11,0.1358,0.063,
DATA,CPT_26011,7.97,14.2,0.1377,0.063,
DATA,CPT_26011,7.98,14.28,0.1398,0.0637,
DATA,CPT_26011,7.99,14.42,0.1405,0.0641,
DATA,CPT_26011,8,14.59,0.1412,0.0641,
DATA,CPT_26011,8.01,14.75,0.1414,0.0646,
DATA,CPT_26011,8.02,14.89,0.1416,0.065,
DATA,CPT_26011,8.03,15.02,0.1415,0.0648,
DATA,CPT_26011,8.04,15.37,0.1416,0.065,
DATA,CPT_26011,8.05,15.52,0.1414,0.0645,
DATA,CPT_26011,8.06,15.62,0.1409,0.0651,
DATA,CPT_26011,8.07,15.72,0.1399,0.065,
DATA,CPT_26011,8.08,15.9,0.1389,0.0649,
DATA,CPT_26011,8.09,16.04,0.1385,0.0649,
DATA,CPT_26011,8.1,16.26,0.1369,0.0637,
DATA,CPT_26011,8.11,16.33,0.1358,0.0634,
DATA,CPT_26011,8.12,16.35,0.1362,0.0633,
DATA,CPT_26011,8.13,16.41,0.137,0.063,
DATA,CPT_26011,8.14,16.48,0.1378,0.0632,
DATA,CPT_26011,8.15,16.56,0.1389,0.063,
DATA,CPT_26011,8.16,16.72,0.1401,0.0623,
DATA,CPT_26011,8.17,16.9,0.1414,0.0625,
DATA,CPT_26011,8.18,17.07,0.1421,0.0624,
DATA,CPT_26011,8.19,17.32,0.1428,0.0614,
DATA,CPT_26011,8.2,17.38,0.1454,0.0616,
DATA,CPT_26011,8.21,17.38,0.1464,0.0607,
DATA,CPT_26011,8.22,17.39,0.1478,0.0602,
DATA,CPT_26011,8.23,17.36,0.1488,0.0601,
DATA,CPT_26011,8.24,17.32,0.1495,0.06,
DATA,CPT_26011,8.25,17.31,0.1504,0.0606,
DATA,CPT_26011,8.26,17.28,0.1504,0.0607,
DATA,CPT_26011,8.27,17.22,0.1503,0.0607,
DATA,CPT_26011,8.28,17.21,0.1506,0.0605,
DATA,CPT_26011,8.29,17.2,0.1511,0.0602,
DATA,CPT_26011,8.3,17.19,0.1518,0.0607,
DATA,CPT_26011,8.31,17.2,0.1518,0.0604,
DATA,CPT_26011,8.32,17.18,0.1517,0.0598,
DATA,CPT_26011,8.33,17.14,0.1515,0.0596,
DATA,CPT_26011,8.34,16.99,0.1515,0.0576,
DATA,CPT_26011,8.35,16.87,0.1517,0.0571,
DATA,CPT_26011,8.36,16.75,0.1524,0.0562,
DATA,CPT_26011,8.37,16.6,0.153,0.0562,
DATA,CPT_26011,8.38,16.48,0.1542,0.0567,
DATA,CPT_26011,8.39,16.41,0.1549,0.0572,
DATA,CPT_26011,8.4,16.37,0.1559,0.057,
DATA,CPT_26011,8.41,16.39,0.1591,0.0575,
DATA,CPT_26011,8.42,16.43,0.1607,0.0578,
DATA,CPT_26011,8.43,16.41,0.1627,0.0592,
DATA,CPT_26011,8.44,16.39,0.164,0.0597,
DATA,CPT_26011,8.45,16.42,0.1641,0.0596,
DATA,CPT_26011,8.46,16.52,0.1635,0.0601,
DATA,CPT_26011,8.47,16.49,0.1631,0.0606,
DATA,CPT_26011,8.48,16.49,0.1632,0.0609,
DATA,CPT_26011,8.49,16.51,0.1621,0.061,
DATA,CPT_26011,8.5,16.41,0.1597,0.0599,
DATA,CPT_26011,8.51,16.3,0.1588,0.0598,
DATA,CPT_26011,8.52,16.21,0.158,0.0591,
DATA,CPT_26011,8.53,16.15,0.1573,0.0588,
DATA,CPT_26011,8.54,16.08,0.1561,0.0585,
DATA,CPT_26011,8.55,16.02,0.1546,0.0582,
DATA,CPT_26011,8.56,15.94,0.1539,0.0591,
DATA,CPT_26011,8.57,15.79,0.1521,0.0603,
DATA,CPT_26011,8.58,15.69,0.1506,0.0589,
DATA,CPT_26011,8.59,15.6,0.1501,0.0585,
DATA,CPT_26011,8.6,15.46,0.1493,0.0587,
DATA,CPT_26011,8.61,15.28,0.1485,0.0595,
DATA,CPT_26011,8.62,15.06,0.147,0.0595,
DATA,CPT_26011,8.63,14.89,0.1468,0.0597,
DATA,CPT_26011,8.64,14.71,0.1468,0.0596,
DATA,CPT_26011,8.65,14.29,0.147,0.0601,
DATA,CPT_26011,8.66,14.12,0.1478,0.0601,
DATA,CPT_26011,8.67,13.96,0.1487,0.061,
DATA,CPT_26011,8.68,13.83,0.1487,0.0621,
DATA,CPT_26011,8.69,13.78,0.1491,0.0623,
DATA,CPT_26011,8.7,13.78,0.1487,0.063,
DATA,CPT_26011,8.71,13.79,0.1488,0.0639,
DATA,CPT_26011,8.72,13.76,0.1488,0.0645,
DATA,CPT_26011,8.73,13.77,0.1492,0.0651,
DATA,CPT_26011,8.74,13.77,0.1498,0.0671,
DATA,CPT_26011,8.75,13.78,0.1501,0.0678,
DATA,CPT_26011,8.76,13.82,0.1497,0.068,
DATA,CPT_26011,8.77,13.82,0.1497,0.068,
DATA,CPT_26011,8.78,13.82,0.1497,0.068,
DATA,CPT_26011,8.79,13.17,0.1307,0.0779,
DATA,CPT_26011,8.8,13.49,0.1282,0.0752,
DATA,CPT_26011,8.81,13.58,0.127,0.074,
DATA,CPT_26011,8.82,13.55,0.1249,0.0731,
DATA,CPT_26011,8.83,13.48,0.124,0.0728,
DATA,CPT_26011,8.84,13.41,0.1236,0.0724,
DATA,CPT_26011,8.85,13.37,0.123,0.072,
DATA,CPT_26011,8.86,13.3,0.1222,0.0719,
DATA,CPT_26011,8.87,13.21,0.1212,0.0719,
DATA,CPT_26011,8.88,13.15,0.1207,0.0721,
DATA,CPT_26011,8.89,13.11,0.1203,0.0724,
DATA,CPT_26011,8.9,13.06,0.1199,0.0723,
DATA,CPT_26011,8.91,13.07,0.1195,0.0724,
DATA,CPT_26011,8.92,13.07,0.1195,0.0724,
DATA,CPT_26011,8.93,13.14,0.1205,0.0736,
DATA,CPT_26011,8.94,13.2,0.1207,0.0742,
DATA,CPT_26011,8.95,13.28,0.1211,0.0745,
DATA,CPT_26011,8.96,13.38,0.1216,0.0751,
DATA,CPT_26011,8.97,13.44,0.122,0.0754,
DATA,CPT_26011,8.98,13.55,0.1224,0.0758,
DATA,CPT_26011,8.99,13.66,0.1224,0.0763,
DATA,CPT_26011,9,13.75,0.122,0.0767,
DATA,CPT_26011,9.01,13.84,0.1216,0.0772,
DATA,CPT_26011,9.02,14.02,0.122,0.0776,
DATA,CPT_26011,9.03,14.05,0.1227,0.0777,
DATA,CPT_26011,9.04,14.02,0.1229,0.0775,
DATA,CPT_26011,9.05,13.95,0.1225,0.0773,
DATA,CPT_26011,9.06,13.8,0.1218,0.077,
DATA,CPT_26011,9.07,13.65,0.1215,0.0766,
DATA,CPT_26011,9.08,13.5,0.1213,0.0761,
DATA,CPT_26011,9.09,13.35,0.1217,0.076,
DATA,CPT_26011,9.1,13.23,0.1224,0.0762,
DATA,CPT_26011,9.11,13.03,0.1247,0.076,
DATA,CPT_26011,9.12,13.03,0.1263,0.0762,
DATA,CPT_26011,9.13,13.1,0.1276,0.0764,
DATA,CPT_26011,9.14,13.2,0.1296,0.0766,
DATA,CPT_26011,9.15,13.39,0.1337,0.0768,
DATA,CPT_26011,9.16,13.61,0.1377,0.0778,
DATA,CPT_26011,9.17,13.86,0.1398,0.0773,
DATA,CPT_26011,9.18,14.12,0.1414,0.0724,
DATA,CPT_26011,9.19,14.33,0.1419,0.0702,
DATA,CPT_26011,9.2,14.91,0.144,0.0511,
DATA,CPT_26011,9.21,15.08,0.1434,0.0421,
DATA,CPT_26011,9.22,15.18,0.1419,0.0333,
DATA,CPT_26011,9.23,15.27,0.14,0.0289,
DATA,CPT_26011,9.24,15.32,0.1377,0.0272,
DATA,CPT_26011,9.25,15.36,0.1354,0.0283,
DATA,CPT_26011,9.26,15.39,0.1335,0.0299,
DATA,CPT_26011,9.27,15.38,0.1312,0.0337,
DATA,CPT_26011,9.28,15.37,0.1284,0.0372,
DATA,CPT_26011,9.29,15.32,0.1237,0.0441,
DATA,CPT_26011,9.3,15.3,0.1224,0.0477,
DATA,CPT_26011,9.31,15.27,0.1206,0.0509,
DATA,CPT_26011,9.32,15.24,0.1195,0.0537,
DATA,CPT_26011,9.33,15.2,0.1186,0.056,
DATA,CPT_26011,9.34,15.21,0.1179,0.058,
DATA,CPT_26011,9.35,15.19,0.1178,0.06,
DATA,CPT_26011,9.36,15.17,0.118,0.0617,
DATA,CPT_26011,9.37,15.16,0.1176,0.0629,
DATA,CPT_26011,9.38,15.11,0.1171,0.0646,
DATA,CPT_26011,9.39,15.08,0.1163,0.0656,
DATA,CPT_26011,9.4,15.04,0.1157,0.067,
DATA,CPT_26011,9.41,15.01,0.1153,0.0683,
DATA,CPT_26011,9.42,14.97,0.1154,0.0695,
DATA,CPT_26011,9.43,14.96,0.1155,0.07,
DATA,CPT_26011,9.44,14.92,0.116,0.0711,
DATA,CPT_26011,9.45,14.94,0.1167,0.072,
DATA,CPT_26011,9.46,14.89,0.1172,0.0728,
DATA,CPT_26011,9.47,14.76,0.1178,0.074,
DATA,CPT_26011,9.48,14.76,0.1178,0.074,
DATA,CPT_26011,9.49,14.6,0.1186,0.0752,
DATA,CPT_26011,9.5,14.51,0.1194,0.0759,
DATA,CPT_26011,9.51,14.41,0.1202,0.0763,
DATA,CPT_26011,9.52,14.28,0.1213,0.0766,
DATA,CPT_26011,9.53,14.13,0.1218,0.0767,
DATA,CPT_26011,9.54,13.99,0.1229,0.077,
DATA,CPT_26011,9.55,13.82,0.1246,0.0769,
DATA,CPT_26011,9.56,13.65,0.1258,0.0772,
DATA,CPT_26011,9.57,13.5,0.1274,0.0773,
DATA,CPT_26011,9.58,13.19,0.1299,0.0767,
DATA,CPT_26011,9.59,13.05,0.1305,0.0771,
DATA,CPT_26011,9.6,12.94,0.1306,0.0774,
DATA,CPT_26011,9.61,12.87,0.1309,0.0778,
DATA,CPT_26011,9.62,12.85,0.1312,0.0782,
DATA,CPT_26011,9.63,12.8,0.1308,0.0784,
DATA,CPT_26011,9.64,12.76,0.1295,0.0784,
DATA,CPT_26011,9.65,12.75,0.1285,0.0791,
DATA,CPT_26011,9.66,12.73,0.1277,0.0795,
DATA,CPT_26011,9.67,12.77,0.1269,0.0805,
DATA,CPT_26011,9.68,12.81,0.1267,0.0812,
DATA,CPT_26011,9.69,12.84,0.1261,0.0815,
DATA,CPT_26011,9.7,12.87,0.1258,0.0817,
DATA,CPT_26011,9.71,12.92,0.1251,0.082,
DATA,CPT_26011,9.72,12.98,0.1249,0.0822,
DATA,CPT_26011,9.73,12.978,0.1232,0.0825,
DATA,CPT_26011,9.74,12.975,0.1216,0.0828,
DATA,CPT_26011,9.75,12.973,0.1199,0.0831,
DATA,CPT_26011,9.76,12.97,0.1183,0.0834,
DATA,CPT_26011,9.77,12.968,0.1166,0.0837,
DATA,CPT_26011,9.78,12.965,0.115,0.0839,
DATA,CPT_26011,9.79,12.963,0.1134,0.0842,
DATA,CPT_26011,9.8,12.96,0.1117,0.0845,
DATA,CPT_26011,9.81,12.958,0.1101,0.0848,
DATA,CPT_26011,9.82,12.955,0.1084,0.0851,
DATA,CPT_26011,9.83,12.953,0.1068,0.0854,
DATA,CPT_26011,9.84,12.95,0.1051,0.0857,
DATA,CPT_26011,9.85,12.85,0.1053,0.0852,
DATA,CPT_26011,9.86,12.77,0.1048,0.085,
DATA,CPT_26011,9.87,12.67,0.1051,0.0846,
DATA,CPT_26011,9.88,12.54,0.1075,0.0845,
DATA,CPT_26011,9.89,12.4,0.1093,0.0854,
DATA,CPT_26011,9.9,12.36,0.1108,0.0863,
DATA,CPT_26011,9.91,12.5,0.1118,0.0871,
DATA,CPT_26011,9.92,12.59,0.1125,0.0875,
DATA,CPT_26011,9.93,12.68,0.1134,0.0881,
DATA,CPT_26011,9.94,12.73,0.114,0.0883,
DATA,CPT_26011,9.95,12.77,0.1141,0.087,
DATA,CPT_26011,9.96,12.8,0.1142,0.0864,
DATA,CPT_26011,9.97,12.85,0.1135,0.0871,
DATA,CPT_26011,9.98,12.99,0.1137,0.0876,
DATA,CPT_26011,9.99,13.11,0.1128,0.0871,
" "
